company_name,domain,,real_domain
emirates steel,emiratessteel.com,,emiratessteel.com
hamriyah steel,hamriyahsteel.ae,,hamriyahsteel.ae
asia bolts industries llc,asia-bolt.com,,asia-bolt.com
link middle east limited,linkmiddleeast.com,,linkmiddleeast.com
conares,conares.com,,conares.com
emirates gold,emiratesgold.ae,,emiratesgold.ae
global wear solutions,globalwearsolutions.com,,globalwearsolutions.com
fistco,fistco.net,,fistco.net
amania mining,amania-mining.com,,amania-mining.com
catoca,catoca.com,,catoca.com
endiama e.p.,endiama.co.ao,,endiama.co.ao
acindar | grupo arcelormittal,acindar.com.ar,,acindar.com.ar
aluar,aluar.com.ar,,aluar.com.ar
minera alumbrera,alumbrera.com.ar,,alumbrera.com.ar
cerro vanguardia,cerrovanguardia.com.ar,,cerrovanguardia.com.ar
sales de jujuy s.a.,salesdejujuy.com,,salesdejujuy.com
sidersa sa,sidersa.com,,sidersa.com
famiq s.a.,famiq.com.ar,,famiq.com.ar
inesa argentina s.a.,inesaargentina.com,,inesaargentina.com
fundicin san cayetano,fscnet.com.ar,,fscnet.com.ar
minera exar s.a.,mineraexar.com.ar,,mineraexar.com.ar
baw buenos aires welding s.r.l.,baw.com.ar,,baw.com.ar
sermico srl,sermico.com.ar,,sermico.com.ar
rojas & asociados,rojasyasociados.com,,rojasyasociados.com
alex stewart argentina,alexstewart.com.ar,,alexstewart.com.ar
imsa cables el©ctricos y productos para bobinaje,imsa.com.ar,,imsa.com.ar
argentina mining,argentinamining.com,,argentinamining.com
larocca mineria s.a.,laroccamineria.com.ar,,laroccamineria.com.ar
poberaj s.a.,poberaj.com.ar,,poberaj.com.ar
fluorita crdoba s.a.,fluoritacordoba.com.ar,,fluoritacordoba.com.ar
rhi magnesita,rhimagnesita.com,,rhimagnesita.com
voestalpine,voestalpine.com,,voestalpine.com
welser profile,welser.com,,welser.com
salzburger aluminium ag,sag.at,,sag.at
bhler edelstahl gmbh & co kg,bohler-edelstahl.com,,bohler-edelstahl.com
montanwerke brixlegg ag,montanwerke-brixlegg.com,,montanwerke-brixlegg.com
bhp billiton,bhp.com,,bhp.com
orica,orica.com,,orica.com
newcrest mining,newcrest.com.au,,newcrest.com.au
south32,south32.net,,south32.net
mmg limited,mmg.com,,mmg.com
ausenco,ausenco.com,,ausenco.com
harmony gold,harmony.co.za,,harmony.co.za
panaust,panaust.com.au,,panaust.com.au
citic pacific mining,citicpacificmining.com,,citicpacificmining.com
macmahon,macmahon.com.au,,macmahon.com.au
iluka resources,iluka.com,,iluka.com
barminco,barminco.com.au,,barminco.com.au
evolution mining,evolutionmining.com.au,,evolutionmining.com.au
sedgman limited,sedgman.com,,sedgman.com
mineral resources limited,mineralresources.com.au,,mineralresources.com.au
oz minerals,ozminerals.com,,ozminerals.com
northern star resources limited,nsrltd.com,,nsrltd.com
st barbara limited,stbarbara.com.au,,stbarbara.com.au
byrnecut offshore pty ltd,byrnecutoffshore.com,,byrnecutoffshore.com
ausdrill,ausdrill.com.au,,ausdrill.com.au
maca ltd,maca.net.au,,maca.net.au
pybar mining services,pybar.com.au,,pybar.com.au
queensland alumina limited,qal.com.au,,qal.com.au
linkforce engineering,linkforce.com.au,,linkforce.com.au
tomago aluminium,tomago.com.au,,tomago.com.au
karara mining ltd,kararamining.com.au,,kararamining.com.au
resolute mining limited,rml.com.au,,rml.com.au
fenner dunlop australia pty ltd,fennerdunlop.com.au,,fennerdunlop.com.au
imdex limited,imdexlimited.com,,imdexlimited.com
independence group (igo),igo.com.au,,igo.com.au
aj lucas,lucas.com.au,,lucas.com.au
orrcon steel,orrconsteel.com.au,,orrconsteel.com.au
wagners,wagner.com.au,,wagner.com.au
amc consultants,amcconsultants.com,,amcconsultants.com
mastermyne group,mastermyne.com.au,,mastermyne.com.au
deswik,deswik.com,,deswik.com
groundprobe,groundprobe.com,,groundprobe.com
msp engineering pty ltd,mspengineering.com.au,,mspengineering.com.au
immersive technologies,immersivetechnologies.com,,immersivetechnologies.com
mst global,mstglobal.com,,mstglobal.com
coal services pty limited,coalservices.com.au,,coalservices.com.au
csa global,csaglobal.com,,csaglobal.com
queensland nickel,qni.com.au,,qni.com.au
syrah resources ltd,syrahresources.com.au,,syrahresources.com.au
mineral technologies,mineraltechnologies.com,,mineraltechnologies.com
mount gibson iron,mtgibsoniron.com.au,,mtgibsoniron.com.au
grange resources,grangeresources.com.au,,grangeresources.com.au
coventry group ltd,cgl.com.au,,cgl.com.au
regis resources ltd,regisresources.com.au,,regisresources.com.au
swick mining services ltd,swickmining.com,,swickmining.com
refmet engineering services,refmet.net,,refmet.net
cpc engineering,cpcengineering.com.au,,cpcengineering.com.au
cmoc northparkes mines,northparkes.com,,northparkes.com
fast jv,fastjv.com.au,,fastjv.com.au
minjar gold pty ltd,minjargold.com.au,,minjargold.com.au
sandfire resources nl,sandfire.com.au,,sandfire.com.au
ugm australia,ugm.com.au,,ugm.com.au
wisely group,wisely.com.au,,wisely.com.au
atlas iron limited,atlasiron.com.au,,atlasiron.com.au
gekko systems,gekkos.com,,gekkos.com
mining associates,miningassociates.com,,miningassociates.com
sun engineering (qld) pty ltd,suneng.com.au,,suneng.com.au
mining people international,miningpeople.com.au,,miningpeople.com.au
sumatra copper and gold,sumatracoppergold.com,,sumatracoppergold.com
minprovise,minprovise.com.au,,minprovise.com.au
fero group,fero.com.au,,fero.com.au
paladin africa ltd,paladinenergy.com.au,,paladinenergy.com.au
glencore technology,glencoretechnology.com,,glencoretechnology.com
exact mining services pty ltd,exactcontracting.com.au,,exactcontracting.com.au
minearc systems,minearc.com,,minearc.com
geographe enterprises,geographe.com.au,,geographe.com.au
elastomers australia,elastomersaustralia.com.au,,elastomersaustralia.com.au
mining one consultants,miningone.com.au,,miningone.com.au
minetec pty ltd,minetec.com.au,,minetec.com.au
chinova resources pty ltd,chinovaresources.com,,chinovaresources.com
tmm group,tmmgroup.com.au,,tmmgroup.com.au
national pump & energy,nationalpump.com.au,,nationalpump.com.au
xenith consulting,xenith.com.au,,xenith.com.au
millennium minerals limited,millenniumminerals.com.au,,millenniumminerals.com.au
alkane resources ltd,alkane.com.au,,alkane.com.au
cudeco limited,cudeco.com.au,,cudeco.com.au
pims group - australia,pimsgroup.com.au,,pimsgroup.com.au
uon pty ltd,uon.com.au,,uon.com.au
dawsons group of companies,dawsonseng.com.au,,dawsonseng.com.au
jtmec pty ltd,jtmec.com.au,,jtmec.com.au
mancala group,mancala.com.au,,mancala.com.au
heathgate resources pty ltd,heathgate.com.au,,heathgate.com.au
imatech,imatech.com.au,,imatech.com.au
rsc mining & mineral exploration,rscmme.com,,rscmme.com
imp group (pty) ltd,impautomation.com,,impautomation.com
mineware,mineware.com,,mineware.com
tasman power,tasmanpower.com,,tasmanpower.com
jsw australia,jswaustralia.com,,jswaustralia.com
palaris,palaris.com,,palaris.com
wearx,wearx.com,,wearx.com
hahn electrical contracting pty ltd,hahnelec.com.au,,hahnelec.com.au
qcc resources,qccresources.com,,qccresources.com
mining employment services,miningemployment.com.au,,miningemployment.com.au
como engineers pty. ltd.,comoeng.com.au,,comoeng.com.au
core resources pty ltd,coreresources.com.au,,coreresources.com.au
binder group pty ltd,bindergrp.com,,bindergrp.com
gcg health safety & hygiene,gcg.net.au,,gcg.net.au
work management solutions,workmanagementsolutions.com.au,,workmanagementsolutions.com.au
interlloy pty. ltd,interlloy.com.au,,interlloy.com.au
amma - australia's resource industry employer group,amma.org.au,,amma.org.au
cutting edges equipment parts,cuttingedges.com,,cuttingedges.com
tasman rope access,tasmanropeaccess.com,,tasmanropeaccess.com
antec engineering pty ltd,antec.com.au,,antec.com.au
diverse group australia,diversegroupaustralia.com,,diversegroupaustralia.com
mitchell services limited (asx: msv),mitchellservices.com.au,,mitchellservices.com.au
middlemount coal pty ltd,middlemountcoal.com.au,,middlemountcoal.com.au
jaws buckets & attachments,jaws.com.au,,jaws.com.au
cse-uniserve pty ltd,cse-uniserve.com.au,,cse-uniserve.com.au
aspec engineering,aspec.com.au,,aspec.com.au
focus minerals,focusminerals.com.au,,focusminerals.com.au
klinge & co pty ltd,klinge.com.au,,klinge.com.au
mining3,mining3.com,,mining3.com
murray engineering.,murrayengineering.com.au,,murrayengineering.com.au
m1 solutions,m1solutions.com.au,,m1solutions.com.au
mca engineering group,mcagroup.com.au,,mcagroup.com.au
bisalloy steels,bisalloy.com.au,,bisalloy.com.au
dgr global,dgrglobal.com.au,,dgrglobal.com.au
altura mining limited,alturamining.com,,alturamining.com
jktech pty ltd,jktech.com.au,,jktech.com.au
solgold plc,solgold.com.au,,solgold.com.au
mcelroy bryan geological services,mbgs.com.au,,mbgs.com.au
nemms jv,nemmsjv.com.au,,nemmsjv.com.au
the haynes group,haynesgroup.com.au,,haynesgroup.com.au
duratray international,duratray.com,,duratray.com
"hi-quality group: quarry, waste management and logistics",hiquality.com.au,,hiquality.com.au
south east conveyors & engineering,seconveyors.com.au,,seconveyors.com.au
digirock,digirock.com.au,,digirock.com.au
smw group australia,smwgroup.com.au,,smwgroup.com.au
mintrex,mintrex.com.au,,mintrex.com.au
eastern guruma pty ltd,easternguruma.com.au,,easternguruma.com.au
queensland resources council,qrc.org.au,,qrc.org.au
pit n portal,pitnportal.com.au,,pitnportal.com.au
cockburn cement limited,cockburncement.com.au,,cockburncement.com.au
alloy steel international,alloysteel.net,,alloysteel.net
kobalt enc pty ltd,kobaltenc.com,,kobaltenc.com
new century resources,newcenturyresources.com,,newcenturyresources.com
gb auto electrics,gbauto.com.au,,gbauto.com.au
measured group pty ltd,measuredgroup.com.au,,measuredgroup.com.au
hosch international,hosch.com.au,,hosch.com.au
minnovare,minnovare.com,,minnovare.com
deepcore drilling pty ltd,deepcoredrilling.com,,deepcoredrilling.com
cokal ltd (asx:cka),cokal.com.au,,cokal.com.au
mach energy australia pty ltd,machenergyaustralia.com.au,,machenergyaustralia.com.au
corescan pty ltd,corescan.com.au,,corescan.com.au
pulse mining systems,pulsemining.com.au,,pulsemining.com.au
asf group ltd,asfgroupltd.com,,asfgroupltd.com
globaltech corporation pty ltd,globaltech.com.au,,globaltech.com.au
baobab resources plc,baobabresources.com,,baobabresources.com
sundance resources ltd,sundanceresources.com.au,,sundanceresources.com.au
ati solutions group pty ltd,atisolutionsgroup.com.au,,atisolutionsgroup.com.au
nagrom the mineral processor,nagrom.com.au,,nagrom.com.au
dt hiload,dthiload.com,,dthiload.com
orinoco gold limited,orinocogold.com,,orinocogold.com
ae projects pty ltd,ae-projects.com.au,,ae-projects.com.au
firestorm fire protection pty ltd,firestormgroup.com.au,,firestormgroup.com.au
blh group of companies,blhgroupservices.com,,blhgroupservices.com
chalice gold mines,chalicegold.com,,chalicegold.com
charles hull contracting co. pty ltd,charleshull.com.au,,charleshull.com.au
ozland drilling and blasting services pty ltd,ozlanddbs.com.au,,ozlanddbs.com.au
abm contractors pty ltd,abmcontractors.com.au,,abmcontractors.com.au
smart staff international,smartstaffinternational.com,,smartstaffinternational.com
reflex - intelligence on demand,reflexnow.com,,reflexnow.com
xstract mining consultants,xstractgroup.com,,xstractgroup.com
terra search pty. ltd.,terrasearch.com.au,,terrasearch.com.au
coal mine services,coalmineservices.com.au,,coalmineservices.com.au
cranecorp australia,cranecorpaustralia.com.au,,cranecorpaustralia.com.au
kings engineering,pwgking.com.au,,pwgking.com.au
jacon technologies pty ltd,jacon.com.au,,jacon.com.au
mcarthur river mining pty. ltd.,mcarthurrivermine.com.au,,mcarthurrivermine.com.au
emtek pty ltd,emtek.com.au,,emtek.com.au
alfabs group,alfabs.com.au,,alfabs.com.au
the moultrie group,moultrie.com.au,,moultrie.com.au
ppk group limted,ppkgroup.com.au,,ppkgroup.com.au
cor cooling pty ltd,corcooling.com.au,,corcooling.com.au
southern geoscience consultants,sgc.com.au,,sgc.com.au
allocated bullion exchange - abx,abx.com,,abx.com
bambach specialised and industrial cables,bambachcables.com.au,,bambachcables.com.au
penrith lakes development corporation pty ltd,penrithlakes.com.au,,penrithlakes.com.au
truflo pumping systems,truflopumps.com.au,,truflopumps.com.au
total steel of australia pty ltd,totalsteel.com.au,,totalsteel.com.au
havilah resources limited,havilah-resources.com.au,,havilah-resources.com.au
iron road limited,ironroadlimited.com.au,,ironroadlimited.com.au
cloonmore pty ltd,cloonmore.com,,cloonmore.com
minerals council of australia,minerals.org.au,,minerals.org.au
sro technology,srotechnology.com,,srotechnology.com
sigra pty ltd,sigra.com.au,,sigra.com.au
tzmi,tzmi.com,,tzmi.com
dgi trading,dgitrading.com,,dgitrading.com
ops screening & crushing equipment pty ltd,opsaust.com.au,,opsaust.com.au
safety and emergency training services,setservices.com.au,,setservices.com.au
seam surveys pty ltd,seamsurveys.com.au,,seamsurveys.com.au
the simulus group,thesimulusgroup.com.au,,thesimulusgroup.com.au
davies wear plate systems,davieswps.com,,davieswps.com
tunra bulk solids,bulksolids.com.au,,bulksolids.com.au
map to mine pty ltd,maptomine.com.au,,maptomine.com.au
dynamics g-ex,dynamicsgex.com.au,,dynamicsgex.com.au
balance advisory,balanceadvisory.com,,balanceadvisory.com
gnomic exploration services,gnomic.com.au,,gnomic.com.au
thomson resources,thomsonresources.com.au,,thomsonresources.com.au
gpph & associates,gpph.com.au,,gpph.com.au
zonge engineering & research organization (aust) pty ltd,zonge.com.au,,zonge.com.au
orway mineral consultants,orway.com.au,,orway.com.au
advanced engineering group (aeg),advanced-engineering-group.com,,advanced-engineering-group.com
quarry mining and construction equipment pty ltd,quarrymining.com,,quarrymining.com
austdac,austdac.com.au,,austdac.com.au
ac whalan & company pty ltd,acwhalan.com.au,,acwhalan.com.au
geos mining,geosmining.com,,geosmining.com
elical pty ltd,elical.com.au,,elical.com.au
haultrax,haultrax.com,,haultrax.com
metrix group pty ltd,metrixgroup.com.au,,metrixgroup.com.au
enerflow mining services,enerflow.com.au,,enerflow.com.au
talisman mining ltd,talismanmining.com.au,,talismanmining.com.au
minsafe pty ltd,minsafe.com,,minsafe.com
mincor resources nl,mincor.com.au,,mincor.com.au
orelogy,orelogy.com,,orelogy.com
abm resources,abmresources.com.au,,abmresources.com.au
vm drilling pty ltd,vmdrilling.com.au,,vmdrilling.com.au
equipment placement,equipmentplacement.com.au,,equipmentplacement.com.au
boton conveyor services,botoncs.com.au,,botoncs.com.au
optiro,optiro.com,,optiro.com
l&m radiator pty ltd,mesabi.com.au,,mesabi.com.au
ranger drilling,rangerdrilling.com.au,,rangerdrilling.com.au
kinder & co pty ltd,kinder.com.au,,kinder.com.au
hagstrom drilling,hagstromdrilling.com.au,,hagstromdrilling.com.au
stanmore coal limited,stanmorecoal.com.au,,stanmorecoal.com.au
mrc mineral commodities,mineralcommodities.com,,mineralcommodities.com
interlate,interlate.com,,interlate.com
metzke pty ltd,metzke.com.au,,metzke.com.au
west core drilling pty ltd,westcore.com.au,,westcore.com.au
k&k electrical services,kkelectrical.com.au,,kkelectrical.com.au
shenhua watermark coal pty ltd,shenhuawatermark.com,,shenhuawatermark.com
breaker resources nl,breakerresources.com.au,,breakerresources.com.au
metro mining ltd (asx:mmi),metromining.com.au,,metromining.com.au
singleton engineering solutions,singletonsolutions.com.au,,singletonsolutions.com.au
striker crushing & screening pty ltd,strikercrushing.com,,strikercrushing.com
expedio - always accurate data,expedio.com.au,,expedio.com.au
bbe consulting (australasia),bbegroup.com.au,,bbegroup.com.au
diamantina shire council,diamantina.qld.gov.au,,diamantina.qld.gov.au
a&b mylec pty ltd,abmylec.com.au,,abmylec.com.au
sandpit innovation pty ltd,sandpitinnovation.com,,sandpitinnovation.com
intech engineers pty ltd,intechengineers.com.au,,intechengineers.com.au
mpa surveying pty ltd,mpasurveying.com.au,,mpasurveying.com.au
advanced mining production systems - 'your partner in tech services',advancedminingproduction.com,,advancedminingproduction.com
crosslands resources ltd,crosslands.com.au,,crosslands.com.au
bostech drilling,bostech.com.au,,bostech.com.au
velseis pty. ltd.,velseis.com,,velseis.com
mincore,mincore.com.au,,mincore.com.au
capability resources,capres.com.au,,capres.com.au
mickala mining & mickala piping systems,mickalamining.com.au,,mickalamining.com.au
environmental clean technologies limited,ectltd.com.au,,ectltd.com.au
accumax global,accumaxglobal.com.au,,accumaxglobal.com.au
kidman resources ltd,kidmanresources.com.au,,kidmanresources.com.au
horan steel holdings pty ltd,horansteel.com.au,,horansteel.com.au
mine engineers pty ltd,mineengineers.com.au,,mineengineers.com.au
c & m leussink engineering,leussink.com.au,,leussink.com.au
site workready,siteworkready.com,,siteworkready.com
southern gold limited,southerngold.com.au,,southerngold.com.au
mining industry skills centre,miskillscentre.com.au,,miskillscentre.com.au
sarama resources,saramaresources.com,,saramaresources.com
allplates,allplates.com.au,,allplates.com.au
888 crushing and screening equipment pty ltd,888cse.com.au,,888cse.com.au
kasbah resources limited,kasbahresources.com,,kasbahresources.com
moorvale earthmoving,moorvale.com.au,,moorvale.com.au
cbm (coneyor belt monitoring) international pty ltd,cbmi.com.au,,cbmi.com.au
port kembla coal terminal limited,pkct.com.au,,pkct.com.au
allplant auto electrics,allplantautoelectrics.com.au,,allplantautoelectrics.com.au
global product search,globalproductsearch.com.au,,globalproductsearch.com.au
wa mining club,waminingclub.asn.au,,waminingclub.asn.au
"""azergold"" cjsc",azergold.az,,azergold.az
aluminij d.d. mostar,aluminij.ba,,aluminij.ba
bekaert,bekaert.com,,bekaert.com
sibelco group,sibelco.com,,sibelco.com
lamifil nv,lamifil.be,,lamifil.be
world steel association (worldsteel),worldsteel.org,,worldsteel.org
campine nv,campine.be,,campine.be
testas n.v.,testas.be,,testas.be
allard-europe n.v.,allard-europe.com,,allard-europe.com
hafibo nv,hafibo.be,,hafibo.be
european copper institute,copperalliance.eu,,copperalliance.eu
eurometaux,eurometaux.eu,,eurometaux.eu
catapa,catapa.be,,catapa.be
sofia med ad,sofiamed.bg,,sofiamed.bg
geops-bolkan drilling services ltd.,geopsbg.com,,geopsbg.com
hus ltd.,husltd.com,,husltd.com
quality wire products co w.l.l,qualitywire.com.bh,,qualitywire.com.bh
samarco,samarco.com,,samarco.com
paranapanema s.a.,paranapanema.com.br,,paranapanema.com.br
ferbasa,ferbasa.com.br,,ferbasa.com.br
mineraߣo rio do norte,mrn.com.br,,mrn.com.br
ferrous resources do brasil,ferrous.com.br,,ferrous.com.br
termomecanica s£o paulo s.a.,termomecanica.com.br,,termomecanica.com.br
sinobras - siderrgica norte brasil s.a,sinobras.com.br,,sinobras.com.br
cmoc international brasil,cmocbrasil.com,,cmocbrasil.com
highservice corp,highservice.com,,highservice.com
safal steel,safalsteel.co.za,,safalsteel.co.za
ical industria de calcinaߣo ltda.,ical.com.br,,ical.com.br
bemisa - brasil exploraߣo mineral s.a.,bemisa.com.br,,bemisa.com.br
"arim componentes para fogao, ltda.",arim.com.br,,arim.com.br
tecnored - vale do rio doce,tecnored.com.br,,tecnored.com.br
perfilados rio doce s/a,perfiladosrd.com.br,,perfiladosrd.com.br
carbinox industria e comercio ltda,carbinox.com.br,,carbinox.com.br
sampaio distribuidora de aßo s/a,sampaio-sa.com.br,,sampaio-sa.com.br
distribuidora cummins minas s/a,dcml.com.br,,dcml.com.br
grupo ph - phs & phip,phtransportes.com.br,,phtransportes.com.br
alcast do brasil ltda,alcast.com.br,,alcast.com.br
grupo aßo cearense,grupoacocearense.com.br,,grupoacocearense.com.br
arcelormittal gonvarri brasil,arcelormittalgonvarri.com.br,,arcelormittalgonvarri.com.br
thor granitos,thorgranitos.com.br,,thorgranitos.com.br
bozel brasil,bozel.com,,bozel.com
cecil s/a,cecil.com.br,,cecil.com.br
innara - industria nacional de aramados,innara.com.br,,innara.com.br
perfimec s.a. centro de servißos em aßo,perfimec.com.br,,perfimec.com.br
ibar ltda,ibar.com.br,,ibar.com.br
grupo sn,gruposn.com.br,,gruposn.com.br
mercante tubos e aßos,mercantetubos.com.br,,mercantetubos.com.br
diferro aßos especiais ltda.,diferro.com.br,,diferro.com.br
minas jr - consultoria mineral,minasjr.com.br,,minasjr.com.br
carbomil quimica,carbomil.com.br,,carbomil.com.br
botam & botam piracicaba ltda,botam.com.br,,botam.com.br
cennabras,cennabras.com.br,,cennabras.com.br
white solder,whitesolder.com.br,,whitesolder.com.br
"exportadora de sal, s.a. de c.v.",essa.com.mx,,essa.com.mx
prominas projetos e servißos de mineraß£o ltda,prominas.net,,prominas.net
lamil especialidades minerais ltda.,lamil.com.br,,lamil.com.br
terracom limited,terracomresources.com,,terracomresources.com
melt metais e ligas s.a.,meltmetais.com.br,,meltmetais.com.br
grupo provale,grupoprovale.com,,grupoprovale.com
fonntes geot©cnica,fonntesgeotecnica.com,,fonntesgeotecnica.com
minerita minerios itauna ltda.,minerita.com.br,,minerita.com.br
perfil alumnio do brasil s/a,perfilcm.com.br,,perfilcm.com.br
laboratrio de tecnologia mineral (ltm),ltmcoppe.com,,ltmcoppe.com
comercial cometa industria e com©rcio ltda,comercialcometa.com.br,,comercialcometa.com.br
miningmath associates,miningmath.com,,miningmath.com
sos service inc.,sosservice.net,,sosservice.net
ge21 consultoria mineral,ge21cm.com.br,,ge21cm.com.br
daicast ind e com ltda,daicast.com.br,,daicast.com.br
master perfuraߵes e desmontes,masterperfuracoes.com,,masterperfuracoes.com
instituto minere,institutominere.com.br,,institutominere.com.br
magnesium do brasil s.a.,magnesium.com.br,,magnesium.com.br
pedreiras bahia ltda,pedreirasbahia.com.br,,pedreirasbahia.com.br
alumipac,alumipac.com.br,,alumipac.com.br
texa alumnio ltda.,texaaluminio.com.br,,texaaluminio.com.br
marpress do brasil - marte comercial,marpressbrasil.com.br,,marpressbrasil.com.br
vrtice consultoria mineral,vorticemineral.com.br,,vorticemineral.com.br
paulifer s/a industria e comercio de ferro e aßo,paulifer.com.br,,paulifer.com.br
mope - modelo operacional,modelooperacional.com.br,,modelooperacional.com.br
nitronel,nitronel.com.br,,nitronel.com.br
cemi tecnologia de processos e engenharia,cemi.eng.br,,cemi.eng.br
bercam indstria e com©rcio ltda,bercam.com.br,,bercam.com.br
dagan tubos de aßo,dagan.com.br,,dagan.com.br
mhag mining,mhag.com.br,,mhag.com.br
sianfer ferro e aßo ltda,sianfer.com.br,,sianfer.com.br
pcp steel,pcpsteel.net,,pcpsteel.net
teck resources limited,teck.com,,teck.com
cameco corporation,cameco.com,,cameco.com
"samuel, son & co., limited",samuel.com,,samuel.com
"major drilling international, inc.",majordrilling.com,,majordrilling.com
graymont,graymont.com,,graymont.com
first majestic silver corp.,firstmajestic.com,,firstmajestic.com
kirkland lake gold (kl),klgold.com,,klgold.com
pan american silver corp.,panamericansilver.com,,panamericansilver.com
bgc engineering,bgcengineering.ca,,bgcengineering.ca
k+s potash canada,ks-potashcanada.com,,ks-potashcanada.com
eldorado gold corporation,eldoradogold.com,,eldoradogold.com
baffinland,baffinland.com,,baffinland.com
capstone mining corp,capstonemining.com,,capstonemining.com
stornoway diamond corporation,stornowaydiamonds.com,,stornowaydiamonds.com
dmc mining services,dmcmining.com,,dmcmining.com
canadian royalties inc.,canadianroyalties.com,,canadianroyalties.com
arcelormittal c¥te-nord (amem et amic),transformerlavenir.com,,transformerlavenir.com
maclean engineering,macleanengineering.com,,macleanengineering.com
pretium resources inc.,pretivm.com,,pretivm.com
taseko: gibraltar mine,tasekomines.com,,tasekomines.com
b2gold corp.,b2gold.com,,b2gold.com
actlabs (activation laboratories ltd.),actlabs.com,,actlabs.com
tmac resources inc.,tmacresources.com,,tmacresources.com
endeavour silver corp,edrsilver.com,,edrsilver.com
leagold mining corporation,leagold.com,,leagold.com
minerai de fer qu©bec,mineraiferquebec.com,,mineraiferquebec.com
mine canadian malartic,canadianmalartic.com,,canadianmalartic.com
tree island steel,treeisland.com,,treeisland.com
lundin gold ecuador,lundingold.com,,lundingold.com
altasteel ltd.,altasteel.com,,altasteel.com
thyssen mining,thyssenmining.com,,thyssenmining.com
great panther silver limited,greatpanther.com,,greatpanther.com
rimex supply ltd,rimex.com,,rimex.com
grande cache coal corp,gccoal.com,,gccoal.com
fordia,fordia.com,,fordia.com
nova steel inc,novasteel.ca,,novasteel.ca
hunter dickinson inc.,hdimining.com,,hdimining.com
trevali mining corporation,trevali.com,,trevali.com
central wire,centralwire.com,,centralwire.com
technica group inc.,technicagroup.com,,technicagroup.com
newtrax technologies inc.,newtrax.com,,newtrax.com
taylor steel inc.,taylorsteel.com,,taylorsteel.com
piteau associates engineering,piteau.com,,piteau.com
jds energy & mining inc.,jdsmining.ca,,jdsmining.ca
thoroughtec simulation,thoroughtec.com,,thoroughtec.com
signature aluminum canada,signaturealum.com,,signaturealum.com
energold drilling corp,energold.com,,energold.com
premier gold mines limited,premiergoldmines.com,,premiergoldmines.com
krupp canada inc,krupp.ca,,krupp.ca
barkerville gold mines ltd (bgm),barkervillegold.com,,barkervillegold.com
sepro mineral systems corp,seprosystems.com,,seprosystems.com
geotech drilling services ltd,geotechdrilling.com,,geotechdrilling.com
infomine,infomine.com,,infomine.com
atlantic gold corporation,atlanticgoldcorporation.com,,atlanticgoldcorporation.com
aurora geosciences ltd.,aurorageosciences.com,,aurorageosciences.com
march consulting associates inc.,marchconsulting.com,,marchconsulting.com
ivanhoe mines,ivanhoemines.com,,ivanhoemines.com
extrudex aluminum,extrudex.com,,extrudex.com
venture steel inc.,venturesteel.com,,venturesteel.com
carriere industrial supply,carriereindustrial.com,,carriereindustrial.com
opta minerals inc.,optaminerals.com,,optaminerals.com
3d-p,3d-p.com,,3d-p.com
geotech ltd.,geotech.ca,,geotech.ca
polycorp ltd.,poly-corp.com,,poly-corp.com
great lakes copper inc,glcopper.com,,glcopper.com
manroc developments inc,manroc.com,,manroc.com
osisko gold royalties ltd,osiskogr.com,,osiskogr.com
cff stainless steels inc.,cffstainless.com,,cffstainless.com
equity exploration consultants ltd.,equityexploration.com,,equityexploration.com
cabo drilling corp,cabo.ca,,cabo.ca
yukon zinc corporation,yukonzinc.com,,yukonzinc.com
apex geoscience ltd.,apexgeoscience.com,,apexgeoscience.com
tron construction and mining lp,troncm.com,,troncm.com
cambridge brass inc.,cambridgebrass.com,,cambridgebrass.com
motion metrics international corp,motionmetrics.com,,motionmetrics.com
haver & boecker canada (w.s. tyler),havercanada.com,,havercanada.com
t.a. brannon steel ltd.,brannonsteel.com,,brannonsteel.com
sabina gold & silver corp.,sabinagoldsilver.com,,sabinagoldsilver.com
forage fte drilling,foragefte.com,,foragefte.com
groupe mequaltech,mequaltech.com,,mequaltech.com
midas gold corp.,midasgoldcorp.com,,midasgoldcorp.com
1984 enterprises inc.,1984inc.com,,1984inc.com
mira geoscience ltd.,mirageoscience.com,,mirageoscience.com
engcomp,engcomp.ca,,engcomp.ca
hy-tech drilling ltd.,hy-techdrilling.com,,hy-techdrilling.com
asanko gold,asanko.com,,asanko.com
dahrouge geological consulting ltd.,dahrouge.com,,dahrouge.com
santacruz silver mining ltd.,santacruzsilver.com,,santacruzsilver.com
multicrete systems inc.,multicretesystems.com,,multicretesystems.com
prairie machine & parts,pmparts.com,,pmparts.com
merit consultants international inc.,meritconsultants.net,,meritconsultants.net
nexgen energy ltd.,nexgenenergy.ca,,nexgenenergy.ca
cbr laser inc.,cbrlaser.com,,cbrlaser.com
orezone gold corporation,orezone.com,,orezone.com
high strength plates & profiles inc.,highstrengthplates.com,,highstrengthplates.com
atico mining corporation,aticomining.com,,aticomining.com
wire rope industries,wirerope.com,,wirerope.com
fission uranium corp,fissionuranium.com,,fissionuranium.com
welco expediting ltd.,welco.ca,,welco.ca
artisanal gold council,artisanalgold.org,,artisanalgold.org
b&d manufacturing,bdmfg.com,,bdmfg.com
selwyn chihong mining ltd,selwynchihong.com,,selwynchihong.com
dynacor gold mines inc.,dynacor.com,,dynacor.com
nouveau monde graphite inc.,nouveaumonde.ca,,nouveaumonde.ca
rulmeca canada,rulmeca.ca,,rulmeca.ca
southgobi resources ltd,southgobi.com,,southgobi.com
industries cresswell inc.,cresswellindustries.com,,cresswellindustries.com
fuller industrial,fullerindustrial.com,,fullerindustrial.com
ios services geoscientifiques inc,iosgeo.com,,iosgeo.com
equinox gold corp.,equinoxgold.com,,equinoxgold.com
gold standard ventures corp.,goldstandardv.com,,goldstandardv.com
boundary equipment co. ltd.,boundaryequipment.com,,boundaryequipment.com
mansour mining technologies inc.,mansourmining.com,,mansourmining.com
dundee sustainable technologies inc.,dundeetechnologies.com,,dundeetechnologies.com
auryn resources inc.,aurynresources.com,,aurynresources.com
golden predator mining corp.,goldenpredator.com,,goldenpredator.com
fortune minerals limited,fortuneminerals.com,,fortuneminerals.com
porcupine engineering services inc,pes-inc.ca,,pes-inc.ca
o.c.p. construction supplies inc.,ocp.ca,,ocp.ca
silvercrest mines inc.,silvercrestmetals.com,,silvercrestmetals.com
autec - innovative extractive solutions,autec.ca,,autec.ca
penticton foundry,pentictonfoundry.com,,pentictonfoundry.com
novo resources corp,novoresources.com,,novoresources.com
monarques gold corporation.,monarquesgold.com,,monarquesgold.com
ame - association for mineral exploration,amebc.ca,,amebc.ca
macgregors industrial group,macgregors.ca,,macgregors.ca
milman industries inc.,milman.ca,,milman.ca
starcore international mines ltd,starcore.com,,starcore.com
g. l. tiley and associates ltd.,tiley.on.ca,,tiley.on.ca
unifab industries ltd,unifab.ca,,unifab.ca
premier recycling ltd.,premierrecycling.ca,,premierrecycling.ca
novopro projects inc.,novopro.ca,,novopro.ca
moose mountain technical services,moosemmc.com,,moosemmc.com
arianne phosphate inc tsx.v: dan,arianne-inc.com,,arianne-inc.com
north rim exploration ltd.,northrim.ca,,northrim.ca
sandstorm gold,sandstormgold.com,,sandstormgold.com
centric mining systems,centricminingsystems.com,,centricminingsystems.com
marcotte mining machinery services inc.,marcottemining.com,,marcottemining.com
coast mountain geological group ltd.,coastmountaingeo.com,,coastmountaingeo.com
limpact international limited,limpact.com,,limpact.com
balmoral resources,balmoralresources.com,,balmoralresources.com
lucara diamond corporation,lucaradiamond.com,,lucaradiamond.com
angkor gold corp. (tsxv: ank),angkorgold.ca,,angkorgold.ca
eriez flotation division (efd),eriezflotation.com,,eriezflotation.com
mpi mobile parts inc.,mobileparts.com,,mobileparts.com
terralogic exploration inc.,terralogicexploration.com,,terralogicexploration.com
gem systems inc.,gemsys.ca,,gemsys.ca
inca one gold corp.,incaone.com,,incaone.com
afm industries,afmindustries.com,,afmindustries.com
golden arrow resources corporation,goldenarrowresources.com,,goldenarrowresources.com
kimco steel sales ltd,kimcosteel.com,,kimcosteel.com
aurcana corporation,aurcana.com,,aurcana.com
skeena resources limited,skeenaresources.com,,skeenaresources.com
mbi drilling products,mbidrillingproducts.com,,mbidrillingproducts.com
northern strands co. ltd.,northernstrands.com,,northernstrands.com
tracks and wheels equipment brokers inc,tracksandwheels.com,,tracksandwheels.com
westpro machinery inc.,westpromachinery.com,,westpromachinery.com
gogold resources inc.,gogoldresources.com,,gogoldresources.com
gamma foundries inc,gammafoundries.com,,gammafoundries.com
wallbridge mining company limited,wallbridgemining.com,,wallbridgemining.com
rolark stainless steel inc.,rolark.com,,rolark.com
icefield tools corporation,icefieldtools.com,,icefieldtools.com
unicast inc. | wear part solutions for the cement and mining industries,unicast.ca,,unicast.ca
dunrite rubber & plastic,dunriterubber.com,,dunriterubber.com
falco resources ltd.,falcores.com,,falcores.com
uex corporation,uex-corporation.com,,uex-corporation.com
crone geophysics & exploration ltd.,cronegeophysics.com,,cronegeophysics.com
lethbridge iron works,lethiron.com,,lethiron.com
millrock resources inc.,millrockresources.com,,millrockresources.com
cintube ltee,cintube.com,,cintube.com
victoria gold corp.,vitgoldcorp.com,,vitgoldcorp.com
team drilling limited partnership,teamdrilling.com,,teamdrilling.com
pelangio exploration inc.,pelangio.com,,pelangio.com
jannatec technologies,jannatec.com,,jannatec.com
the walden group (of companies),waldengroup.ca,,waldengroup.ca
athabasca minerals inc.,athabascaminerals.com,,athabascaminerals.com
wabash mfg. inc.,wabash.ca,,wabash.ca
industrial machine & mfg. inc.,indmac.ca,,indmac.ca
canada forgings inc,canforge.com,,canforge.com
peter lucas project management inc.,peterlucas.ca,,peterlucas.ca
multotec canada ltd.,multotec.ca,,multotec.ca
medgold resources corp.,medgoldresources.com,,medgoldresources.com
bumigeme inc.,bumigeme.com,,bumigeme.com
prophecy coal corporation,prophecydev.com,,prophecydev.com
king & bay west management corp,kingandbay.com,,kingandbay.com
hutcheson sand & mixes,hutchesonsand.com,,hutchesonsand.com
the bucket shop group,thebucketshop.ca,,thebucketshop.ca
focus graphite,focusgraphite.com,,focusgraphite.com
tinka resources,tinkaresources.com,,tinkaresources.com
town of labrador city,labradorwest.com,,labradorwest.com
peregrine diamonds limited,pdiam.com,,pdiam.com
howatt consulting ltd.,howattconsulting.com,,howattconsulting.com
peck tech consulting ltd.,pecktech.ca,,pecktech.ca
canadian wear technologies ltd,canadianweartech.com,,canadianweartech.com
fusioncast technology,fusioncast.com,,fusioncast.com
ocean floor geophysics inc.,oceanfloorgeophysics.com,,oceanfloorgeophysics.com
pasinex resources limited,pasinex.com,,pasinex.com
norex drilling,norexdrilling.com,,norexdrilling.com
first mining finance corp.,firstmininggold.com,,firstmininggold.com
bri-steel manufacturing,bri-steel.com,,bri-steel.com
legend mining inc.,legendmininginc.com,,legendmininginc.com
kreator equipment & services inc.,kreator.com,,kreator.com
sj geophysics ltd.,sjgeophysics.com,,sjgeophysics.com
sotrem-maltech,sotrem-maltech.com,,sotrem-maltech.com
"met-chem, a dra group company",met-chem.com,,met-chem.com
forages rouillier drilling,foragesrouillier.com,,foragesrouillier.com
gladiator equipment inc.,gladiatorequipment.com,,gladiatorequipment.com
fireweed zinc ltd,fireweedzinc.com,,fireweedzinc.com
erdene resource development corp.,erdene.com,,erdene.com
ridalco industries inc.,ridalco.com,,ridalco.com
p&e mining consultants,peconsulting.ca,,peconsulting.ca
nxgold ltd.,nxgold.ca,,nxgold.ca
northern superior resources,nsuperior.com,,nsuperior.com
north american nickel,northamericannickel.com,,northamericannickel.com
les ateliers beau-roc inc.,beauroc.com,,beauroc.com
dias geophysical,diasgeo.com,,diasgeo.com
kamoto copper company sarl,katangamining.com,,katangamining.com
glencore,glencore.com,,glencore.com
nyrstar,nyrstar.com,,nyrstar.com
omya,omya.com,,omya.com
duferco,duferco.com,,duferco.com
ferrexpo plc,ferrexpo.com,,ferrexpo.com
pamp sa,pamp.com,,pamp.com
tirus international sa,tirus-international.ch,,tirus-international.ch
commerce de fer fribourgeois sa,cdff.ch,,cdff.ch
open mineral,openmineral.com,,openmineral.com
global steel dust ltd.,globalsteeldust.com,,globalsteeldust.com
mri trading ag,mri-group.com,,mri-group.com
montanstahl ag,montanstahl.com,,montanstahl.com
amci group,amcigroup.com,,amcigroup.com
transamine trading s.a.,transaminetrading.com,,transaminetrading.com
schmiedewerk stooss ag,stooss.com,,stooss.com
fatzer ag wire ropes,fatzer.com,,fatzer.com
bathco ltd.,bathco.ch,,bathco.ch
ringele ag,ringele.ch,,ringele.ch
r&d carbon ltd.,rd-carbon.com,,rd-carbon.com
swiss tower mills minerals ltd,stmminerals.com,,stmminerals.com
manutention africaine cote d'ivoire,manutafci.com,,manutafci.com
codelco Äì corporacin nacional del cobre de chile,codelco.com,,codelco.com
enaex,enaex.com,,enaex.com
kupfer hnos. s.a,kupfer.cl,,kupfer.cl
molymet,molymet.cl,,molymet.cl
mas err°zuriz,maserrazuriz.cl,,maserrazuriz.cl
jri ingeniera sa,jri.cl,,jri.cl
k+s chile s.a.,ks-chile.com,,ks-chile.com
constructora el sauce s.a.,elsauce.cl,,elsauce.cl
fastpack s.a.,fastpack.cl,,fastpack.cl
cap s.a.,cap.cl,,cap.cl
dessau chile ingeniera s.a,dessau.cl,,dessau.cl
empresas santa elvira,tse.cl,,tse.cl
famesa,famesa.com.pe,,famesa.com.pe
minera altos de punitaqui ltda.,altospunitaqui.cl,,altospunitaqui.cl
dhsiga s.a.,dhsiga.com,,dhsiga.com
gerdau en chile,gerdau.cl,,gerdau.cl
sociedad odis chile seguridad ltda.,odis.cl,,odis.cl
compa±a minera cerro negro,cerronegro.cl,,cerronegro.cl
ducasse comercial limitada,ducasse.cl,,ducasse.cl
sierra gorda scm,sgscm.cl,,sgscm.cl
edyce,edyce.cl,,edyce.cl
quantum pacific exploration,qpexploration.com,,qpexploration.com
rema tip top chile spa,rema-tiptop.cl,,rema-tiptop.cl
exploraciones mineras - codelco,exploracionesmineras.cl,,exploracionesmineras.cl
algorta norte s.a.,algortanorte.cl,,algortanorte.cl
mindugar s.a.,mindugar.cl,,mindugar.cl
broadspectrum chile,broadspectrum.cl,,broadspectrum.cl
gecamin,gecamin.com,,gecamin.com
e-mining technology s.a.,emt.cl,,emt.cl
tecnipak,tecnipak.com,,tecnipak.com
geoblast,geoblast.cl,,geoblast.cl
aceros chile s. a.,aceroschile.cl,,aceroschile.cl
ncl ingenieria y construccion s.a.,ncl.cl,,ncl.cl
compa±a industrial de caucho ltda. - cical,cical.cl,,cical.cl
asmin industrial limitada,asmin.cl,,asmin.cl
rocmin spa,rocmin.cl,,rocmin.cl
sociedad servicios ingenieria y mantencion s.a.,sigmasa.cl,,sigmasa.cl
scaf logistica s.a.,scaf.cl,,scaf.cl
prodinsa s.a.,prodinsa.cl,,prodinsa.cl
quiborax s.a.,quiborax.com,,quiborax.com
