ID,name,insurance coverage,country,sic,,link,fail_cites
8,THE GOVERNMENT OF BERMUDA,FAC - Aviation,Taiwan,45,,www.gov.bm,
10,MONARCH AIRCRAFT ENGINEERING LTD,FAC - Aviation,TAIWAN,45,,,"www.bbc.com: BBC - Homepage,home.kpmg: KPMG Global - KPMG International,www.mro-network.com: MRO Network,www.mro-network.com: MRO Network,beta.companieshouse.gov.uk: Companies House service,www.flightglobal.com: FlightGlobal,www.theguardian.com: News, sport and opinion from the Guardian's US edition | The Guardian"
22,JOHN MENZIES PLC,FAC - Aviation,Taiwan,45,,johnmenziesplc.com,
25,SEVERN TRENT PLC,FAC - Aviation,TAIWAN,45,,severntrent.com,
32,GERMANIA FLUGGESELLSCHAFT MBH,FAC - Aviation,TAIWAN,45,,,"www.flygermania.com: hww hermann wienberg wilhelm: Home,www.flygermania.com: hww hermann wienberg wilhelm: Home,www.germany.travel: Tourism in Germany – travel, breaks, holidays,info.goisrael.com: Israel Tourist Information Official Site | Travel Israel - GoIsrael,www.iaa.gov.il: רשות שדות התעופה,www.internationalairportreview.com: International Airport Review,www.presseportal.de: Presseportal: ▷ Die Plattform für Pressemitteilungen und ...,newsroom.aviator.aero: AVIATOR"
34,COMLUX MALTA LIMITED,FAC - Aviation,Taiwan,45,,comlux.com,www.aircharterguide.com: Air Charter Guide - A Definitive Resource for Online Aircraft Charter
35,BAYHILL CAPITAL ASSETS INC,FAC - Aviation,Taiwan,45,,www.bayhillcapital.co.za,
47,BH AIR OOD,FAC - Aviation,TAIWAN,45,,,"www.bhairlines.com: BHAirlines,www.emis.com: EMIS: Emerging markets research, data and news,seenews.com: SeeNews: Business Intelligence for Southeast Europe,www.airlines-inform.com: Airlines Inform - your guide to airlines all over the world,www.europages.co.uk: Europages: International B2B companies marketplace for strategic ...,www.europages.co.uk: Europages: International B2B companies marketplace for strategic ...,books.google.co.il: Google ספרים"
50,PNG AIR,FAC - Aviation,Taiwan,45,,pngair.com.pg,
52,TWAY AIR CO LTD (EX: HAN SUNG AIRLINES),FAC - Aviation,South Korea,45,,,"worldairlinenews.com: World Airline News | Your Central Hub for the Latest News and Photos ...,www.marketscreener.com: MarketScreener.com,www.koreatimes.co.kr: The Korea Times - Home,airlineinfo.com: Daily Airline Filings,www.koti.re.kr: 한국교통연구원,www.pinterest.com: Pinterest,www.pinterest.com: Pinterest"
53,MATTHEW CARLYON,FAC - Aviation,Australia,45,,,"www.cns.umass.edu: College of Natural Sciences (CNS) at UMass Amherst,advancing.colostate.edu: Giving – State Your Purpose,www.mylife.com: MyLife,www.whitepages.com: Whitepages - Official Site | Find People, Phone Numbers, Addresses ...,www.instagram.com: Instagram,www.nvbar.org: State Bar of Nevada: Home"
55,DANGA BAY SDN BERHAD,FAC - Aviation,MALAYSIA,45,,www.tropicanadangabay.com.my,"www.jobstreet.com.my: JobStreet.com | Malaysia no.1 Jobs, Vacancies and Career site,www.thestar.com.my: The Star Online | Malaysia, Business, Sports, Lifestyle and Video News"
56,THE PHILIPPINE LONG DISTANCE TELEPHONE COMPANY (PLDT),FAC - Aviation,Philippines,45,,pldt.com,
57,TRANSNET LTD,FAC - Aviation,Taiwan,45,,www.transnet.net,
58,THAI AVIATION SERVICES LTD (TAS),FAC - Aviation,Thailand,45,,www.tasl.co.th,
60,NEVILLE SAMPSON,FAC - Aviation,Australia,45,,,"www.dacbeachcroft.com: DAC Beachcroft Welcome,www.discogs.com: Discogs - Music Database and Marketplace,www.lexology.com: Lexology,lawpath.com.au: LawPath - Affordable Online Legal for Businesses"
61,SCAR SNC,FAC - Aviation,France,45,,,"www.paginebianche.it: PagineBianche: trova numeri di telefono, cellulari e indirizzi,www.paginegialle.it: PagineGialle: trova info e recensioni sulle aziende italiane,www.scar.net: Scarborough Network Consulting - computer repairs, software ...,remescar.com: Remescar | Feel confident in your own healthy and beautiful skin ...,remescar.com: Remescar | Feel confident in your own healthy and beautiful skin ...,tabwire.gg: Tabwire | Stay connected with your friends and games,books.google.co.il: Google ספרים,www.roblox.com: Roblox"
62,GENERAL SECURITY AVIATION COMMAND- SAUDIARABIA,FAC - Aviation,SAUDI ARABIA,45,,www.moi.gov.sa,"www.moi.gov.sa: وزارة الداخلية,www.moi.gov.sa: وزارة الداخلية,www.arabnews.com: Arab News - Worldwide Latest Breaking News & Updates,www.arabnews.com: Arab News - Worldwide Latest Breaking News & Updates,english.alarabiya.net: Al Arabiya English | Home Page,www.globalsecurity.org: GlobalSecurity.org"
64,HARDING PASTORAL PTY LTD,FAC - Aviation,AUSTRALIA,45,,,"dnb.com.au: illion – Trusted Insights. Responsible Decisions.,creditorwatch.com.au: CreditorWatch: Home,www.aus61business.com: Australia Business Directory,abr.business.gov.au: ABN Lookup,www.aubiz.net: ABN lookup tool. ABR, ACN search Australia. Aubiz.net,www.compreport.com.au: Q Report Jewellery Insurance Australia,www.casa.gov.au: Civil Aviation Safety Authority,www.casa.gov.au: Civil Aviation Safety Authority"
65,HELITOP AVIATION CAMBODIA LTD,FAC - Aviation,Cambodia,45,,helitopaviation-kh.com,
66,GRANULAR PRODUCTS PTY LTD,FAC - Aviation,0,45,,www.granularproducts.com,
67,"CARGOHAUS, INC",FAC - Aviation,Philippines,45,,www.cargohaus.com,
70,CRAIG JONES,FAC - Aviation,Australia,45,,,"www.bjjheroes.com: BJJ Heroes, the jiu jitsu encyclopedia,www.instagram.com: Instagram,bjjfanatics.com: BJJ Fanatics - Brazilian Jiu Jitsu Techniques and Gear,bjjfanatics.com: BJJ Fanatics - Brazilian Jiu Jitsu Techniques and Gear,www.bloodyelbow.com: Bloody Elbow, for MMA and UFC news"
71,BATTLIN PASTORAL CO PTY LTD,FAC - Aviation,Australia,45,,,"www.abr.business.gov.au: ABN Lookup,www.whitepages.com.au: White Pages® - Search for an Australian Business, Government ...,www.australiacheck.com: Virgin Australia: My Booking Details,www.atns.net.au: Agreements, Treaties and Negotiated Settlements project: ATNS,www.territorystories.nt.gov.au: Territory Stories: Home,www.beefcentral.com: Beef Central: Home,asic4.com: ASICS | Official U.S. Site | Running Shoes and Activewear"
82,FORCE AVIATION 2018 LTD,FAC - Aviation,Singapore,45,,www.apcoaviation.com,"www.youtube.com: YouTube,structured-start.com: structured start: Home,straphaelsurbiton.org.uk: ST RAPHAEL'S CATHOLIC CHURCH – WE WELCOME YOU WARMLY,www.iai.co.il: IAI,www.jpost.com: The Jerusalem Post: Israel online news"
83,JKW FLIGHT,FAC - Aviation,Australia,45,,www.jkwuhg.de,www.planespotters.net: Planespotters
84,SERVICIOS AEREOS SUMA AIR LTD,FAC - Aviation,Chile,45,,www.aireuropa.com,
86,AIR X CHARTER LTD,FAC - Aviation,Taiwan,45,,www.aircharterguide.com,"www.airx.aero: AirX: Home,www.airx.aero: AirX: Home"
87,DUBAI AIR WING,FAC - Aviation,United Arab Emirates,45,,daep.gov.ae,"www.planespotters.net: Planespotters,www.revolvy.com: Revolvy: Trending Topics"
88,ARIRANG AVIATION LTD,FAC - Aviation,0,45,,www.arirangaviation.com,
89,PT JHONLIN AIR TRANSPORT,FAC - Aviation,Indonesia,45,,www.handbook.aero,"jat-airlines.do.am: jat-airlines - Home page,aviapages.com: Aviapages.com - Tools for Business Aviation,www.ch-aviation.com: The World's leading Airline Intelligence Provider since 1998 - ch-aviation"
91,TDG (TRANSNATIONAL DIVERSIFIED GROUP),FAC - Aviation,PHILIPPINES,45,,tdgworld.com,
92,SM PRIME HOLDINGS INC,FAC - Aviation,Philippines,45,,smprime.com,
93,SM PRIME HOLDINGS INC,FAC - Aviation,Philippines,45,,www.carholdings.ca,"beta.companieshouse.gov.uk: Companies House service,beta.companieshouse.gov.uk: Companies House service,www.cn-huazhong.com: 华众控股"
94,SOUTHERN HELIWORK PTY LTD,FAC - Aviation,Singapore,45,,,"www.instagram.com: Instagram,www.imdb.com: IMDb: Ratings and Reviews for New Movies and TV Shows,www.sherdog.com: Sherdog.com: UFC, Mixed Martial Arts (MMA) News, Results, Fighting,www.peterdavisshetland.com: peter-davis"
95,VEHICLE HOLDINGS LTD,FAC - Aviation,Singapore,45,,,"www.glassdoor.com: Glassdoor Job Search | Find the job that fits your life,www.hoovers.com: Hoovers,www.aus61business.com: Australia Business Directory,www.penfolds.com: Australian Wine Online | Exceptional Wine Portfolio | Penfolds ...,opencorporates.com: OpenCorporates :: The Open Database Of The Corporate World,opencorporates.com: OpenCorporates :: The Open Database Of The Corporate World"
96,PETER DAVIS,FAC - Aviation,Australia,45,,,
97,PENFOLD INVESTMENTS PTY LTD,FAC - Aviation,Singapore,45,,,
98,APOLLO AIR INC,FAC - Aviation,PHILIPPINES,45,,https://www.apolloair.co.za/,
99,AKAGERA AVIATION LIMITED,FAC - Aviation,Rwanda,45,,http://www.akageraaviation.com/,
100,MAGSPEC AIRBORNE SURVEYS PTY LTD,FAC - Aviation,Singapore,45,,https://www.magspec.com.au/,
101,DIRECCION GENERAL DE AERONAUTICA CIVIL DGAC,FAC - Aviation,Bolivia,45,,https://www.dgac.gob.cl/,
102,AMALGAMATED HELICOPTERS NZ LTD,FAC - Aviation,Singapore,45,,https://www.amalgamatedheli.co.nz/,
104,ICELANDIC COAST GUARD,FAC - Aviation,ICELAND,45,,http://www.lhg.is/,
106,YILAIR HAVACILIK VE TICARET A.S. (EX: GEMLIK GUBRE SANAYI A.S.),FAC - Aviation,Turkey,45,,,
110,MCDERMOTT AVIATION PTY LTD,FAC - Aviation,Singapore,45,,https://www.mcdermottaviation.com/,
114,ATHERTON TABLELAND AIR SERVICE,FAC - Aviation,Australia,45,,,
116,WAY TO GO HELISERVICES LTD,FAC - Aviation,New Zealand,45,,https://www.way2go.co.nz/,
117,DELTA INVESTMENT CO LTD,FAC - Aviation,TAIWAN,45,,http://www.deltainvestmentgroup.com/,
118,ISLAND AVIATION INCORPORATED,FAC - Aviation,Philippines,45,,http://islandaviation.com.ph/,
119,CHRISTOPHER TILT,FAC - Aviation,AUSTRALIA,45,,,
123,TOUCHDOWN HELICOPTERS PTY LTD,FAC - Aviation,Singapore,45,,https://touchdownhelicopters.com.au/,
124,HELI NIUGINI LIMITED,FAC - Aviation,Singapore,45,,http://www.heliniugini.com/,
125,FIREBLADE AVIATION PTY LTD,FAC - Aviation,Taiwan,45,,https://www.firebladeaviation.com/,
126,YOONG ONN CORPORATION BERHAD,FAC - Casualty,MALAYSIA,59,,http://www.yoongonn.com/,
127,ASTRO MALAYSIA HOLDINGS BERHAD,FAC - Casualty,MALAYSIA,89,,http://corporate.astro.com.my/,
133,JAZ INTERNATIONAL (MALAYSIA) SDN BHD,FAC - Casualty,MALAYSIA,65,,http://jaz-international.com.my/,
134,COUNTRY HEIGHTS HEALTH TOURISM SDN BHD,FAC - Casualty,MALAYSIA,80,,http://countryheights.com.my/,
135,PPURI MEDICAL CENTER,FAC - Casualty,South Korea,80,,,
137,CONSOLIDATED ENGINEERING SYSTEMS CO WLL,FAC - Casualty,QATAR,89,,https://www.cdct-qatar.com,
139,DAESUNG SAMKYEONG ACCOUNTING CORP,FAC - Casualty,SOUTH KOREA,89,,https://www.daesung.co.kr/,
146,MINTEREST ASCENT PTE LTD,FAC - Credit,SINGAPORE,50,,https://www.minterest.sg/,
158,QUADRA COMMODITIES SINGAPORE PTE LTD,FAC - Credit,SINGAPORE,20,,https://www.quadra.com/,
160,AGRITRADE INTERNATIONAL PTE LTD,FAC - Credit,HONG KONG,51,,https://www.agritrade.com.sg/,
161,SAMSUNG C&T SINGAPORE PTE LTD,FAC - Credit,SINGAPORE,14,,http://www.samsungcnt.com/eng/index.do,
163,QUADRA COMMODITIES SINGAPORE PTE LTD,FAC - Credit,SINGAPORE,50,,https://www.quadra.com/,
171,HUAWEI SINGAPORE PTE LTD,FAC - Credit,SINGAPORE,89,,https://consumer.huawei.com/sg/,
172,"EMPRESA DE FORMENTO INDUSTRIAL E COMERCIAL CONCORDIA, S A",FAC - Engineering,CHINA,70,,,
173,"EMPRESA DE FORMENTO INDUSTRIAL E COMERCIAL CONCORDIA, S A",FAC - Engineering,CHINA,70,,,
174,SICHUAN CHONGQING EXPRESSWAY DEVELOPMENTCO LTD,FAC - Engineering,CHINA,15,,http://www.chengdugs.com/,
175,L&T – IHI CONSORTIUM,FAC - Engineering,INDIA,NULL,,,
184,CHUNGSAN WIND POWER CO LTD,FAC - Engineering,SOUTH KOREA,49,,,
185,METROPOLITAN OUTER BELTWAY CO LTD,FAC - Engineering,SOUTH KOREA,15,,,
186,METROPOLITAN OUTER BELTWAY CO LTD,FAC - Engineering,SOUTH KOREA,15,,,
187,DAEWOO ENGINEERING & CONSTRUCTION CO. LTD.,FAC - Engineering,SOUTH KOREA,65,,http://www.daewooenc.com/eng/,
188,KUWAIT NATIONAL PETROLEUM COMPANY (KNPC),FAC - Engineering,SOUTH KOREA,29,,https://www.knpc.com/en/,
189,POSCO ENGINEERING CONSTRUCTION,FAC - Engineering,UNITED ARAB EMIRATES,49,,http://www.poscoenc.com/eng/,
190,POSCO ENGINEERING CONSTRUCTION,FAC - Engineering,SOUTH KOREA,49,,http://www.poscoenc.com/eng/,
192,KOREA SOUTH EAST POWER CO LTD,FAC - Engineering,SOUTH KOREA,49,,https://www.koenergy.kr/,
194,SARAWAK ENERGY BERHAD,FAC - Engineering,MALAYSIA,49,,http://www.sarawakenergy.com/,
195,KUKDONG ENGINEERING AND CONSTRUCTION CO LTD,FAC - Engineering,SOUTH KOREA,15,,http://www.kukdong.co.kr/eng/,
197,THE LOGIS CO LTD,FAC - General Purpose,SOUTH KOREA,NULL,,,
198,VARIOUS COMPANIES IN KOREA,FAC - General Purpose,SOUTH KOREA,NULL,,,
199,THE LOGIS CO LTD,FAC - General Purpose,SOUTH KOREA,NULL,,,
201,ABU DHABI NATIONAL OIL COMPANY (ADNOC) /(NDC),FAC - General Purpose,UNITED ARAB EMIRATES,29,,https://www.adnoc.ae/en/adnoc-drilling,
203,VARIOUS AS DECLARED IN CHINA,FAC - General Purpose,China,NULL,,,
206,SWIBER OFFSHORE MEXICO S A DE C V,FAC - General Purpose,MEXICO,NULL,,http://www.swiber.com/,
207,SWIBER OFFSHORE CONSTRUCTION PTE LTD,FAC - General Purpose,SINGAPORE,NULL,,http://www.swiber.com/,
208,RESOLUTE OFFSHORE PTE LTD,FAC - General Purpose,singapore,NULL,,http://www.swiber.com/,
209,VALLIANZ OFFSHORE MARINE,FAC - General Purpose,Singapore,NULL,,http://www.vallianzholdings.com/,
210,VALLIANZ OFFSHORE MARINE,FAC - General Purpose,singapore,NULL,,http://www.vallianzholdings.com/,
211,PT VALLIANZ OFFSHORE MARITIM,FAC - General Purpose,indonesia,NULL,,http://vallianz.co.id/,
218,CHEONMASAN TUNNEL CORP,FAC - General Purpose,South Korea,15,,,
221,ABU DHABI PORTS COMPANY PJSC,FAC - General Purpose,UNITED ARAB EMIRATES,NULL,,https://www.adports.ae/,
222,JEONRA RAILROAD CORPORATION,FAC - General Purpose,SOUTH KOREA,15,,,
226,GML CO LTD,FAC - General Purpose,SOUTH KOREA,NULL,,http://gmlkorea.com/eng/,
228,PT SEGARA JAYA LESTARI,FAC - General Purpose,INDONESIA,NULL,,,
232,GONGJU SEWAGE TREATMENT PLANT CO LTD,FAC - General Purpose,South Korea,15,,,
235,SINGAPORE TECHNOLOGIES MARINE LTD,FAC - General Purpose,SINGAPORE,NULL,,https://www.stengg.com/en/marine/,
239,POHANG WATER ENVIRONMENT CO LTD,FAC - General Purpose,SOUTH KOREA,15,,,
240,E RAIL CO LTD,FAC - General Purpose,SOUTH KOREA,15,,,
243,CAI LAN INTERNATIONAL CONTAINER TERMINALLTD,FAC - General Purpose,VIETNAM,NULL,,https://www.cict.com.vn/en/home.html,
246,JEONBUK ENVITECH CO LTD,FAC - General Purpose,SOUTH KOREA,15,,,
248,LAVARETUS UNDERWRITING AB,FAC - General Purpose,UNITED KINGDOM,NULL,,http://www.lavaretus.com/,
249,VARIOUS COMPANIES IN KOREA,FAC - General Purpose,SOUTH KOREA,NULL,,,
250,VARIOUS AS DECLARED IN CHINA,FAC - General Purpose,China,NULL,,,
251,SHARJAH PIPELINE COMPANY LLC,FAC - General Purpose,UNITED ARAB EMIRATES,NULL,,,
252,XIAMEN PAKTANK CO LTD,FAC - General Purpose,China,NULL,,,
253,VARIOUS AS DECLARED,FAC - General Purpose,Indonesia,NULL,,,
254,VARIOUS INSURED,FAC - General Purpose,Thailand,NULL,,,
256,"HUTA MARINE WORKS LTD, SAUDI ARABIA",FAC - General Purpose,SAUDI ARABIA,NULL,,http://hutagroup.com/,
258,HYUNDAI HEAVY INDUSTRIES,FAC - General Purpose,south korea,NULL,,http://english.hhi.co.kr/,
259,MAERSK LINE A/S,FAC - General Purpose,DENMARK,NULL,,https://www.maersk.com/,
260,HONGKONG UNITED DOCKYARDS LTD (HUD),FAC - General Purpose,TAIWAN,76,,https://www.hud.com.hk/,
261,VARIOUS ASSURED DECLARED BY GEMINI,FAC - General Purpose,MYANMAR,15,,,
263,WALKERS COLOMBO SHIPYARD (PVT) LTD,FAC - General Purpose,SRI LANKA,NULL,,http://www.walkersshipyards.com/,
264,INTERFLOUR VIETNAM LTD,FAC - General Purpose,VIETNAM,NULL,,http://www.interflour.com/,
265,AXUS STATIONERY (SHANGHAI) CO LTD,FAC - General Purpose,CHINA,39,,http://www.marco.com.cn/,
266,ZAFRAN ENGINEERING SERVICES SDN BERHAD,FAC - Marine,MALAYSIA,44,,,
268,PT GUNTA SAMBA JAYA,FAC - Marine,Indonesia,44,,,
270,BUTI OBAID AL MULLA,FAC - Marine,UNITED ARAB EMIRATES,44,,,
275,PT ARMADA INDONESIA MANDIRI,FAC - Marine,INDONESIA,44,,,
279,SEAWISE SDN BERHAD,FAC - Marine,MALAYSIA,44,,,
283,NORDIC MARITIME PTE LTD,FAC - Marine,SINGAPORE,44,,https://www.nordic.com.sg/,
285,ARYAN INSPIRE PTE LTD,FAC - Marine,SINGAPORE,44,,,
288,LION WATERWAY LOGISTIC SDN BHD,FAC - Marine,0,44,,,
295,AGEO MARINE SDN BHD,FAC - Marine,MALAYSIA,44,,,
297,SWEE JOO COASTAL SHIPPING SDN BHD,FAC - Marine,MALAYSIA,44,,,
300,TIS LIMITED,FAC - Marine,SINGAPORE,44,,http://www.tisnetworks.co.uk/,
304,ZHEJIANG HEYI SHIPPING COMPANY LTD,FAC - Marine,CHINA,44,,http://www.luckytrans.cn/,
305,SUEZ CANAL AUTHORITY (MECCA),FAC - Marine,EGYPT,44,,https://www.suezcanal.gov.eg/,
312,SNT Services,FAC - Marine,SOUTH KOREA,44,,http://sntservices.in/,
314,Agnes Fisheries Co LTd,FAC - Marine,SOUTH KOREA,44,,http://agnesfish.com/about-us/,
319,PS Meat_Korea Mutual Savings Bank,FAC - Marine,SOUTH KOREA,44,,,
320,PS Meat_Mirae Asset,FAC - Marine,SOUTH KOREA,44,,,
323,"Changzhou Xidian Transformer Co., Ltd",FAC - Marine,China,44,,http://www.czxd.com.cn/,
324,Shin Tech Engineering Ltd,FAC - Marine,China,44,,https://www.shintechcn.com/,
325,Shin Tech Engineering Ltd,FAC - Marine,China,44,,https://www.shintechcn.com/,
326,Shin Tech Engineering Ltd,FAC - Marine,China,44,,https://www.shintechcn.com/,
330,CV DUTA PRATAMA,FAC - Marine,Indonesia,44,,,
331,Various in China,FAC - Marine,china,44,,,
332,PV OIL,FAC - Marine,Vietnam,44,,https://www.pvoil.com.vn/,
333,"China Marine Bunker (Petrochina) Co., Ltd",FAC - Marine,China,44,,http://lines.coscoshipping.com/,
335,New Crops Central Pte LTd,FAC - Marine,SINGAPORE,44,,,
345,Wallem Ship Management,FAC - Marine,HONG KONG,44,,https://www.wallem.com/,
347,The Sheriff of the Supreme Court of Singapore,FAC - Marine,SINGAPORE,44,,http://www.supremecourt.gov.sg/services/court-services/sheriff's-services,
350,First Response Marine,FAC - Marine,SINGAPORE,44,,,
359,Herma Shipping,FAC - Marine,PHILIPPINES,44,,http://www.hermashipping.com/,
363,Transpetrol Maritime,FAC - Marine,SOUTH KOREA,44,,http://www.transpetrol.com/,
364,Chartworld Shipping Corporation,FAC - Marine,Greece,44,,http://chartworld.gr/,
369,FGAS PETROL JOINT STOCK CO,FAC - Marine,VIETNAM,44,,,
370,Various As declare,FAC - Marine,INDONESIA,44,,,
371,COUNTRY GARDEN PACIFICVIEW SDN BHD,FAC - Property,MALAYSIA,65,,http://countrygardenforestcity.com/company-profile/,
372,FOREST CITY,FAC - Property,MALAYSIA,65,,http://www.forestcitycgpv.com/en/,
374,PT PARKLAND WORLD INDONESIA,FAC - Property,INDONESIA,31,,http://www.pwi.co.id/,
375,PT PARKLAND WORLD INDONESIA,FAC - Property,INDONESIA,31,,http://www.pwi.co.id/,
376,CONG TY PNHH PAIHONG (VIETNAM),FAC - Property,VIETNAM,22,,,
377,DIANA UNICHARM JSC,FAC - Property,VIETNAM,26,,http://www.unicharm.vn/,
378,PT ECOGREEN OLEOCHEMICALS,FAC - Property,INDONESIA,28,,http://www.ecogreenoleo.com/,
379,PT FAJAR SURYA WISESA TBK,FAC - Property,INDONESIA,26,,http://www.fajarpaper.com/,
381,INNER MONGOLIA PEARL RIVER INVESTMENT CO LTD,FAC - Property,0,14,,,
382,WUHAN METRO GROUP CO LTD,FAC - Property,China,47,,http://www.wuhanrt.com/,
383,MACORP SDN BERHAD,FAC - Property,MALAYSIA,65,,,
384,HARMONI PERKASA SDN BHD,FAC - Property,MALAYSIA,65,,,
386,CROWN PROPERTY BUREAU,FAC - Property,THAILAND,65,,http://www.crownproperty.or.th/en/Top-stories/Annual-report,
389,AL RAED AL ARABI FACTORY,FAC - Property,SAUDI ARABIA,36,,http://www.alraed.com.sa/,
390,WEI CHUAN FOODS CORPORATION,FAC - Property,Taiwan,20,,http://www.weichuan.com.tw/About/Territory,
391,NAN PAO RESINS CHEMICAL CO LTD,FAC - Property,Taiwan,28,,https://www.adhesivegluemaker.com/,
393,SYNERGIS MANAGEMENT SERVICES LTD,FAC - Property,HONG KONG,65,,https://www.synergis.com.hk/,
394,SYNERGIS MANAGEMENT SERVICES LTD,FAC - Property,HONG KONG,65,,https://www.synergis.com.hk/,
395,"SOCIEDADE DE DESENVOLVIMENTO UNIDO DE MACAU,S.A.R.L",FAC - Property,HONG KONG,70,,,
397,PT HANKOOK TIRE,FAC - Property,Indonesia,30,,http://global.hankooktire.com/id,
399,JR WEST,FAC - Property,JAPAN,47,,https://www.westjr.co.jp/global/en/,
400,AN GIANG SAMHO CO LTD,FAC - Property,VIETNAM,31,,https://www.angiangsamho.com/,
401,INTL COMMERCE CTR & BEST WINNERS LTD,FAC - Property,HONG KONG,70,,,
402,JR CENTRAL JAPAN,FAC - Property,JAPAN,47,,https://global.jr-central.co.jp/en/,
403,PT MRT JAKARTA,FAC - Property,INDONESIA,47,,https://www.jakartamrt.co.id/,
404,JR EAST JAPAN,FAC - Property,JAPAN,47,,https://www.jreast.co.jp/e/,
405,"SONY DEVICE TECHNOLOGY (THAILAND ) CO.,LTD",FAC - Property,BERMUDA,35,,http://www.sonydevicetechnology.co.th/,
406,CONG TY TNHH RIGHT RICH VIETNAM,FAC - Property,VIETNAM,31,,,
410,PT SUZUKI INDOMOBIL MOTOR,FAC - Property,INDONESIA,37,,http://www.suzuki.co.id/,
415,HONDA AUTOMOBILE (THAILAND) CO. LTD.,FAC - Property,THAILAND,37,,https://www.honda.co.th/,
416,PT HANKOOK TIRE,FAC - Property,INDONESIA,30,,http://global.hankooktire.com/id,
417,BALL ASIA PACIFIC (YANGON) METAL CONTAINER LIMITED,FAC - Property,JAPAN,34,,,
419,PETROL OFISI A.S.,FAC - Property,TURKEY,29,,http://www2.petrolofisi.com.tr/en,
420,SAHAVIRIYA GROUP OF COMPANIES,FAC - Property,Thailand,33,,http://www.ssi-steel.com/,
421,HYOSUNG VIETNAM COMPANY LIMITED,FAC - Property,SINGAPORE,22,,http://www.hyosungvina.com/en/,
422,HYOSUNG VIETNAM COMPANY LIMITED,FAC - Property,VIETNAM,33,,http://www.hyosungvina.com/en/,
423,TATA STEEL LTD,FAC - Property,INDIA,33,,http://www.tatasteel.com/,
424,HIMACHAL BASPA POWER COMPANY LIMITED,FAC - Property,INDIA,49,,https://www.jsw.in/energy/baspa,
425,HIMACHAL BASPA POWER COMPANY LIMITED,FAC - Property,INDIA,49,,https://www.jsw.in/energy/baspa,
433,VIENERGY COMPANY LIMITED,FAC - Property,VIETNAM,31,,,
434,CONG TY TNHH VIET POWER,FAC - Property,VIETNAM,31,,,
436,LEE CHANG YUNG CHEMICAL/LCY CHEMICAL INDUSTRY CORP,FAC - Property,Taiwan,29,,https://www.lcygroup.com/lcy/en/milestones.php,
437,NIPRO (THAILAND) CORPORATION LIMITED,FAC - Property,THAILAND,39,,https://www.nipro.co.jp/,
438,ERAWAN SUGAR CO LTD,FAC - Property,THAILAND,20,,http://www.erawangroup.com/index.php/en/,
462,VIETNAM DE LICACY INDUSTRIAL COMPANY LIMITED,FAC - Property,VIETNAM,22,,http://www.delicacy.com.tw/,
463,CANADIAN SOLAR INC,FAC - Property,CHINA,35,,http://www.canadiansolar.com/,
466,HONGFU VIETNAM FOOTWEAR CO LTD,FAC - Property,VIETNAM,31,,,
467,YULON MOTOR CO LTD,FAC - Property,Taiwan,37,,http://www.yulon-motor.com.tw/en/company.aspx,
473,SAMALAJU INDUSTRIAL PORT SDN BERHAD,FAC - Property,MALAYSIA,47,,http://www.bintuluport.com.my/Businesses/Businesses-SIPSB,
475,MITSUBISHI HEAVY INDUSTRIES LTD,FAC - Property,JAPAN,39,,https://www.mhi.com/,
476,PT MAXXIS INTERNATIONAL INDONESIA,FAC - Property,INDONESIA,30,,http://www.maxxis.id/about/career/,
477,LUZON CLEAN WATER DEVELOPMENT CORPORATION,FAC - Property,PHILIPPINES,49,,,
483,JEONGSE ENVIRONMENT & TECHNOLOGY CO LTD,FAC - Property,South Korea,49,,,
486,ONE AND ONLY REETHI RAH,FAC - Property,MALDIVES,70,,https://www.oneandonlyresorts.com/one-and-only-reethi-rah-maldives?utm_source=GMBlisting&utm_medium=organic&utm_campaign=oorr-reethi-rah-gmb,
487,BAYAN AIRAG EXPLORATION LLC,FAC - Property,Mongolia,14,,http://www.bayanairag.com/,
488,HA BAC NITROGENEOUS FERTILIZER AND CHEMICAL CO LTD,FAC - Property,VIETNAM,29,,,
490,FORMOSA TAFFETA (DONG NAI) CO LTD,FAC - Property,VIETNAM,22,,http://www.ftc.com.tw/,
491,FORMOSA TAFFETA VIETNAM CO LTD,FAC - Property,VIETNAM,22,,http://www.ftc.com.tw/,
501,MITSUBISHI HEAVY INDUSTRIES LTD,FAC - Property,JAPAN,39,,https://www.mhi.com/,
502,THAI LUBE BLENDING CO LTD,FAC - Property,THAILAND,29,,http://www.tlbc.co.th/,
503,UBE CHEMICALS (ASIA) PUBLIC COMPANY LIMITED,FAC - Property,THAILAND,28,,http://www.ube.co.th/,
504,FAIRWOOD HOLDINGS LTD,FAC - Property,HONGKONG,70,,http://www.fairwoodholdings.com.hk/eng/main/index.jsp,
505,INNOLUX CORPORATION,FAC - Property,TAIWAN,35,,http://www.innolux.com/Pages/EN/AboutUs/Company_Overview_EN.html,
506,SHENZHEN CHINA STAR OPTOELECTRONICS TECHNOLOGY CO LTD,FAC - Property,CHINA,35,,http://www.szcsot.com/,
507,RANK GROUP LIMITED,FAC - Property,UNITED STATES,26,,http://www.rankgroup.co.nz/,
508,UNI PRESIDENT GROUP,FAC - Property,TAIWAN,59,,https://www.uni-president.com/,
509,THANLYIN ESTATE DEVELOPMENT LIMITED,FAC - Property,MYANMAR,65,,,
510,NANYA TECHNOLOGY CORP,FAC - Property,TAIWAN,35,,https://www.nanya.com/,
511,NANYA TECHNOLOGY CORP,FAC - Property,TAIWAN,35,,https://www.nanya.com/,
512,TON YI INDUSTRIAL CORPORATION,FAC - Property,TAIWAN,33,,http://www.tonyi.com.tw/eng/index.php,
513,ASTRA INDUSTRIAL GROUP,FAC - Property,SAUDI ARABIA,28,,http://www.astraindustrial.com.sa/,
514,THE BAHRAIN PETROLEUM COMPANY BSC (C),FAC - Property,BAHRAIN,29,,http://www.bapco.net/en-us,
515,THE BAHRAIN PETROLEUM COMPANY BSC (C),FAC - Property,BAHRAIN,29,,http://www.bapco.net/en-us,
516,SOFITEL PHILIPPINE PLAZA MANILA,FAC - Property,PHILIPPINES,70,,https://www.sofitelmanila.com/,
517,SOFITEL PHILIPPINE PLAZA MANILA,FAC - Property,PHILIPPINES,70,,https://www.sofitelmanila.com/,
518,INDORAMA HOLDING (THAILAND) LIMITED,FAC - Property,THAILAND,22,,http://www.indoramaventures.com/,
519,NIPPON ELECTRIC GLASS (XIAMEN) CO LTD,FAC - Property,CHINA,14,,https://www.neg.co.jp/en/,
520,RITEK INCORPORATION & RITDISPLAY CORP,FAC - Property,TAIWAN,35,,https://www.ritek.com/contact,
521,MELCO RESORTS & ENTERTAINMENT LTD (EX MELCO CROWN ENTERTAINMENT LTD),FAC - Property,MACAU,70,,https://www.melco-resorts.com/,
522,AUROBINDO PHARMA LTD,FAC - Property,INDIA,28,,http://www.aurobindo.com/,
523,ELEKTRISOLA (M) SDN BERHAD,FAC - Property,MALAYSIA,36,,https://www.elektrisola.com/home.html,
524,PETROLIAM NASIONAL BERHAD (PETRONAS),FAC - Property,MALAYSIA,29,,http://www.petronas.com/,
525,GFG ALLIANCE AUSTRALIA,FAC - Property,AUSTRALIA,14,,https://www.gfgalliance.com/,
526,AQABA DEVELOPMENT CORPORATION,FAC - Property,JORDAN,NULL,,http://www.adc.jo/,
527,TILAL DEVELOPMENT CO SAOC,FAC - Property,OMAN,65,,http://www.almadina-re.com/,
528,AL MUTAWER HOTELS AND RESORTS SAOC,FAC - Property,OMAN,65,,,
529,SK ENERGY AND SERVICE,FAC - Property,SOUTH KOREA,49,,https://www.skens.com/en/sk/main/index.do,
530,ADITYA BIRLA CHEMICALS (THAILAND) LTD.,FAC - Property,THAILAND,22,,http://www.adityabirlachemicals.com/,
531,ADITYA BIRLA CHEMICALS (THAILAND) LTD.,FAC - Property,THAILAND,22,,http://www.adityabirlachemicals.com/,
532,PRISTINE ISLANDS INVESTMENT (MALDIVES) PVT LTD,FAC - Property,SINGAPORE,70,,,
533,COMPANHIA DE TELECOMUNICACOES DE MACAU SA R L,FAC - Property,0,89,,https://www.ctm.net/,
534,AREEJ VEGETABLE OILS & DERIVATIVES SAOG,FAC - Property,OMAN,20,,http://www.avod.om/,
535,YURTGAZ PETROL ÜRÜNLERI SAN. VE TIC A. S,FAC - Property,TURKEY,29,,,
536,FAR EASTERN POLYTEX (VIETNAM) LTD,FAC - Property,VIETNAM,22,,http://www.feg.com.tw/en/index.aspx,
537,PERKUMPULAN PENGHUNI RUMAH SUSUN SEMENTARA APARTEMEN REGATTA VA,FAC - Property,INDONESIA,65,,,
538,TOSHIBA CORPORATION,FAC - Property,JAPAN,35,,https://www.toshiba.co.jp/worldwide/about/,
539,E1 CORPORATION,FAC - Property,SOUTH KOREA,29,,http://www.e1.co.kr/eng/,
540,PT ANEKA TAMBANG (ANTAM),FAC - Property,INDONESIA,14,,http://www.antam.com/,
541,EAGLE CEMENT CORPORATION,FAC - Property,PHILIPPINES,14,,https://www.eaglecement.com.ph/,
542,MAIBARARA GEOTHERMAL INC,FAC - Property,PHILIPPINES,49,,,
543,DUNIATEX GROUP,FAC - Property,INDONESIA,22,,https://www.duniatex.com/,
544,CROWN PROPERTY BUREAU,FAC - Property,THAILAND,65,,http://www.crownproperty.or.th/en/Top-stories/Annual-report,
545,ABU DHABI COMMERCIAL BANK,FAC - Property,UNITED ARAB EMIRATES,65,,https://m.adcb.com/,
546,VINFAST LLC,FAC - Property,VIETNAM,37,,https://vinfastmedia.com/,
547,PT SENGDAM JAYA ABADI,FAC - Property,INDONESIA,31,,,
548,SORBENT PAPER COMPANY,FAC - Property,SINGAPORE,26,,https://www.asaleocare.com/our-brands/sorbent/,
549,EVERLIGHT ELECTRONICS CO LTD,FAC - Property,TAIWAN,36,,http://www.everlight.com/,
550,PACIFIC SOGO DEPARTMENT STORE GROUP,FAC - Property,TAIWAN,59,,https://www.sogo.com.tw/www/MobileForApp/lan/floor.aspx?lan=3&BranchId=1,
551,TAIWAN SYNTHETIC RUBBER CORP,FAC - Property,TAIWAN,30,,http://www.tsrc.com.tw/,
552,POWERCHIP TECHNOLOGY CORPORATION EX POWERCHIP SEMICONDUCTOR CORP,FAC - Property,TAIWAN,35,,http://www.psc.com.tw/domain/www/theme/frontend/images/pdf/en/Consolidated_Financial_Statements/2010Q4.pdf,
553,MYPORT LIMITED,FAC - Property,MYANMAR,22,,,
554,AU OPTRONICS CORPORATION,FAC - Property,TAIWAN,35,,http://auo.com/,
555,AU OPTRONICS CORPORATION,FAC - Property,TAIWAN,35,,http://auo.com/,
556,UNITED MICROELECTRONICS CORP.,FAC - Property,TAIWAN,35,,http://www.umc.com/,
557,UNITED MICROELECTRONICS CORP.,FAC - Property,TAIWAN,35,,http://www.umc.com/,
558,UNITED MICROELECTRONICS CORP.,FAC - Property,TAIWAN,35,,http://www.umc.com/,
559,KOREA INDUSTRIAL WASTE RESOURCES MUTUAL AID ASSOCIATION,FAC - Property,SOUTH KOREA,49,,,
560,KUMHO MITSUI CHEMICALS,FAC - Property,SOUTH KOREA,28,,http://www.kmci.co.kr/eng,
561,MARUTI SUZUKI INDIA LTD,FAC - Property,INDIA,37,,https://www.marutisuzuki.com/,
562,NCELL PRIVATE LIMITED,FAC - Property,NEPAL,89,,https://www.ncell.axiata.com/,
563,"CITYSUPER, INC. &/OR LANDMARK, INC",FAC - Property,PHILIPPINES,65,,https://www.landmark.com.ph/,
565,FIJI SUGAR CORPORATION,FAC - Property,SINGAPORE,20,,http://www.fsc.com.fj/,
566,INNOLUX CORPORATION,FAC - Property,TAIWAN,35,,http://www.innolux.com/Pages/EN/AboutUs/Company_Overview_EN.html,
567,LG INNOTEK VIETNAM HAIPHONG CO LTD,FAC - Property,VIETNAM,35,,http://www.lginnotek.co.kr/en/,
568,SYNERGIS MANAGEMENT SERVICES LTD,FAC - Property,HONG KONG,65,,https://www.synergis.com.hk/,
569,WESTPORTS MALAYSIA SDN BHD,FAC - Property,MALAYSIA,47,,http://www.westportsmalaysia.com.my/,
572,CJ LOGISTICS CORPORATION (EX CJ KOREA EXPRESS CO.),FAC - Property,SOUTH KOREA,47,,https://www.cjlogistics.com/,
574,"KCE TECHNOLOGY CO., LTD",FAC - Property,THAILAND,35,,http://www.kcethai.in.th/Eng/aboutKCE.aspx,
576,OTTOGI CORPORATION,FAC - Property,SOUTH KOREA,20,,http://www.ottogi.co.kr/eng/,
577,OCI CO LTD,FAC - Property,SOUTH KOREA,28,,http://www.oci.co.kr/,
578,OCI CO LTD,FAC - Property,SOUTH KOREA,28,,http://www.oci.co.kr/,
579,KOREA GINSENG CORPORATION,FAC - Property,SOUTH KOREA,20,,https://www.kgcus.com/,
580,KOREA GINSENG CORPORATION,FAC - Property,SOUTH KOREA,20,,https://www.kgcus.com/,
581,GENTING BERHAD,FAC - Property,MALAYSIA,70,,http://www.genting.com/,
583,MITSUBISHI HEAVY INDUSTRIES LTD,FAC - Property,JAPAN,39,,https://www.mhi.com/,
584,LUPIN LIMITED,FAC - Property,INDIA,28,,http://www.lupin.com/,
585,ECO MANAGEMENT KOREA HOLDINGS INC,FAC - Property,SOUTH KOREA,49,,http://www.eco-management.co.kr/eng/html/emk_emkis.php,
586,BUSAN GREEN ENERGY CO LTD,FAC - Property,SOUTH KOREA,49,,,
587,MANIKER CO LTD,FAC - Property,SOUTH KOREA,20,,http://www.maniker.net/,
588,ROADS & TRANSPORT AUTHORITY (RTA) UAE,FAC - Property,UNITED ARAB EMIRATES,65,,https://www.rta.ae/,
589,NUCLEAR POWER CORPORATION OF INDIA LIMITED,FAC - Property,INDIA,49,,https://npcil.nic.in/index.aspx,
590,WALDORF ASTORIA MALDIVES ITHAAFUSHI,FAC - Property,MALDIVES,70,,https://waldorfastoria3.hilton.com/en/hotels/maldives/waldorf-astoria-maldives-ithaafushi-MLEONWA/index.html,
591,PIHAK BERKUASA KEMAJUAN PEKEBUN KECIL PERUSAHAAN GETAH (RISDA),FAC - Property,MALAYSIA,65,,https://www.risda.gov.my/,
592,MALAYSIA AIRPORTS HOLDINGS BERHAD,FAC - Property,MALAYSIA,47,,http://www.malaysiaairports.com.my/,
593,MEWAHOLEO GROUP,FAC - Property,MALAYSIA,20,,https://www.mewahgroup.com/,
594,RASHED MOHAMMED ALBLOOSHI,FAC - Property,UNITED ARAB EMIRATES,65,,http://www.rmb-group.com/chairman,
595,KOREA ZINC CO LTD,FAC - Property,SOUTH KOREA,33,,https://www.koreazinc.co.kr/english/main/page/main.aspx,
596,YEOCHUN NCC CO LTD (YNCC),FAC - Property,SOUTH KOREA,29,,https://www.yncc.co.kr/en/index.do,
597,ST REGIS APARTMENTS,FAC - Property,JORDAN,70,,https://www.sanregisapartments.com/,
598,AON VINA ONE MEMBER LIMITED LIABILITY COMPANY,FAC - Property,VIETNAM,70,,https://www.aon.com/about-aon/legal-notice.jsp,
599,VARIOUS AS DECLARED IN TAIWAN,FAC - Property,TAIWAN,NULL,,,
600,MICRON MEMORY JAPAN INC,FAC - Property,JAPAN,35,,https://jp.micron.com/in-japan,
601,S OIL CORPORATION,FAC - Property,SOUTH KOREA,29,,http://www.s-oil.com/en/,
602,SYNERGIS MANAGEMENT SERVICES LTD,FAC - Property,HONGKONG,65,,https://www.synergis.com.hk/,
603,WELLINGTON CITY COUNCIL,FAC - Property,NEW ZEALAND,83,,https://wellington.govt.nz/,
604,PT NIKOMAS GEMILANG,FAC - Property,INDONESIA,31,,,
605,ONE AND ONLY REETHI RAH,FAC - Property,MALDIVES,70,,https://www.oneandonlyresorts.com/one-and-only-reethi-rah-maldives,
606,SWIRE PACIFIC LIMITED,FAC - Property,UNITED KINGDOM,65,,http://www.swirepacific.com/,
607,"MYANMAR AWBA GROUP CO., LTD",FAC - Property,MYANMAR,28,,http://www.awba-group.com/,
608,TUNG HO STEEL ENTERPRISE CORP,FAC - Property,TAIWAN,33,,http://www.tunghosteel.com/EN/HomeEg/Index,
609,POU CHEN CORP,FAC - Property,Taiwan,31,,https://www.pouchen.com/index.php/en/,
610,POU CHEN GROUP,FAC - Property,Taiwan,70,,https://www.pouchen.com/index.php/en/,
611,SYNERGIS MANAGEMENT SERVICES LTD,FAC - Property,HONGKONG,65,,https://www.synergis.com.hk/,
613,UNIMICRON TECHNOLOGY CORP,FAC - Property,TAIWAN,35,,http://www.unimicron.com/edcontent_d.php?lang=en&tb=1&id=1069,
614,TAEKWANG INDUSTRIAL CO LTD,FAC - Property,SOUTH KOREA,29,,http://www.taekwang.co.kr/en/about/introduction.asp,
615,KEMAMAN BITUMEN COMPANY SDN BHD,FAC - Property,MALAYSIA,29,,http://www.kbc.com.my/,
616,OXLEY DIAMOND (CAMBODIA) CO LTD,FAC - Property,CAMBODIA,65,,https://www.oxleyworldbridge.com.kh/,
617,MKM COMMERCIAL HOLDINGS,FAC - Property,UNITED ARAB EMIRATES,59,,http://www.mkmcommercialholdings.com/,
618,ECLAT TEXTILE CO LTD VIETNAM,FAC - Property,VIETNAM,22,,http://www.eclat.com.tw/,
619,SHEICO (VIETNAM) CO LTD,FAC - Property,VIETNAM,22,,http://www.sheico.com.tw/,
620,PANKO VINA CORPORATION,FAC - Property,VIETNAM,22,,http://www-e.panko.co.kr/sub/03/sub_1.asp,
621,YOUNG IL VIETNAM CO LTD,FAC - Property,VIETNAM,31,,http://www.youngilglobal.com/contact_us.html,
622,KAOHSIUNG ARENA DEVELOPMENT CORPORATION,FAC - Property,TAIWAN,79,,,
623,CHINA MOTOR CORPORATION,FAC - Property,TAIWAN,37,,http://www.cmc-motor.com/,
624,SINON CORPORATION,FAC - Property,TAIWAN,28,,http://www.sinon.com/,
625,YUAN DING CO LTD,FAC - Property,TAIWAN,65,,,
626,KAI TAI FUNG INTERNATIONAL CO LTD,FAC - Property,TAIWAN,70,,,
627,HWASEUNG RACH GIA CO LTD,FAC - Property,VIETNAM,31,,,
628,HS POLYTECH CO LTD,FAC - Property,VIETNAM,31,,,
629,HWA SEUNG VINA COMPANY LIMITED,FAC - Property,VIETNAM,31,,http://www.hwaseunggroup.com/eng_php/sub01_02.php,
630,GREAT EASTERN RESIN INDUSTRIAL CO. LTD.,FAC - Property,TAIWAN,28,,https://www.grecoresin.com/,
631,ADITYA BIRLA CHEMICALS (THAILAND) LTD.,FAC - Property,THAILAND,22,,http://www.adityabirlachemicals.com/,
632,FUTURE TYCOON INDUSTRIAL COMPANY LIMITED,FAC - Property,VIETNAM,22,,,
633,ONE SHANGRI-LA PLACE CONDOMINIUM CORPORATION,FAC - Property,PHILIPPINES,65,,http://www.oneshangrilaplace.com/,
634,YAYASAN JAKARTA INTERNATIONAL SCHOOL,FAC - Property,INDONESIA,82,,https://www.jisedu.or.id/,
635,KUWAIT OIL COMPANY,FAC - Property,KUWAIT,29,,https://www.kockw.com/,
636,MUMBAI PORT TRUST,FAC - Property,INDIA,NULL,,http://mumbaiport.gov.in/,
637,MICRON MEMORY TAIWAN CO LTD,FAC - Property,TAIWAN,35,,https://www.micron.com/about/locations?country=Taiwan,
638,MICRON MEMORY TAIWAN CO LTD,FAC - Property,TAIWAN,35,,https://www.micron.com/about/locations?country=Taiwan,
639,MICRON MEMORY TAIWAN CO LTD,FAC - Property,TAIWAN,35,,https://www.micron.com/about/locations?country=Taiwan,
640,WALSIN LIHWA CORPORATION,FAC - Property,TAIWAN,33,,http://www.walsin.com/,
641,AGC DISPLAY GLASS TAIWAN INC,FAC - Property,TAIWAN,14,,http://www.agct.com.tw/zh-tw/,
643,KCE ELECTRONICS PCL,FAC - Property,THAILAND,35,,http://www.kcethai.in.th/,
644,YIEH GROUP,FAC - Property,TAIWAN,33,,https://www.yieh.com/,
645,UPC TECHNOLOGY CORPORATION,FAC - Property,TAIWAN,29,,http://www.upc.com.tw/engver/Sites/Sites_UPC.htm,
646,NISHAT HOTELS AND PROPERTIES LTD,FAC - Property,PAKISTAN,65,,https://nishathotels.com/,
647,NEW WORLD DEVELOPMENT CO LTD,FAC - Property,HONG KONG,65,,http://www.nwd.com.hk/,
648,NEW WORLD DEVELOPMENT CO LTD,FAC - Property,HONG KONG,70,,http://www.nwd.com.hk/,
649,PT YAYASAN BUDDHA TZU CHI WIYATA,FAC - Property,INDONESIA,82,,http://www.tzuchi.or.id/,
651,HONG LEONG YAMAHA MOTOR SDN BHD,FAC - Property,MALAYSIA,37,,http://www.yamaha-motor.com.my/,
652,LE ROYAL HOTEL & TOWERS,FAC - Property,JORDAN,70,,https://www.leroyal.com/en/beirut?utm_source=GMBlisting&utm_medium=organic,
653,ISUZU ENGINE MANUFACTURING CO (THAILAND)LTD,FAC - Property,THAILAND,37,,http://www.isuzu.co.th/,
654,BLUESCOPE STEEL LIMITED,FAC - Property,SINGAPORE,33,,http://www.bluescope.com/,
655,KUMHO TERMINAL & LOGISTICS CO LTD,FAC - Property,SOUTH KOREA,47,,http://www.kumhocargo.com/en_index.htm,
656,LG HAUSYS LTD,FAC - Property,SOUTH KOREA,28,,http://www.lghausys.com/,
657,EMIRATES TOURISM INVESTMENTCO LLC,FAC - Property,JORDAN,70,,,
658,GULF CHEMICAL & INDUSTRIAL OILS COMPANY,FAC - Property,0,28,,http://www.gcir.com.sa/,
659,KINDASA WATER SERVICE CO,FAC - Property,SAUDI ARABIA,20,,http://www.kindasa.com/,
660,MOHAMMED ALI ABUDAWOOD AND PARTNERS FOR INDUSTRY,FAC - Property,SAUDI ARABIA,28,,,
661,FAST TELECOMUNICATION CO WLL,FAC - Property,KUWAIT,89,,http://www.fasttelco.net/,
662,"LONG FA (VIETNAM) CO., LTD",FAC - Property,VIETNAM,31,,,
663,CONG TY TNHH YMUV,FAC - Property,VIETNAM,31,,,
664,CHANGXIN MEMORY TECHNOLOGIES INC,FAC - Property,0,35,,http://innotron.com/cxcce.html,
665,HITACHI METALS (THAILAND) LTD,FAC - Property,THAILAND,33,,https://www.hitachi.co.th/eng/about/hitachi/directory/index.html,
666,SYNERGIS MANAGEMENT SERVICES LTD,FAC - Property,HONG KONG,65,,https://www.synergis.com.hk/,
667,LG DISPLAY CHINA CO LTD,FAC - Property,SOUTH KOREA,35,,http://www.lgdisplay.com/eng/company/locationGlobal?placeLocCode=OVE01,
668,SAUDI POLYMERS COMPANY,FAC - Property,SAUDI ARABIA,29,,http://www.saudipolymers.com/,
669,SAUDI POLYMERS COMPANY,FAC - Property,SAUDI ARABIA,29,,http://www.saudipolymers.com/,
670,AGC FLAT GLASS (THAILAND) PLC,FAC - Property,THAILAND,14,,https://www.agc-flatglass.co.th/,
671,TUNG WAH GROUP OF HOSPITALS,FAC - Property,HONG KONG,65,,http://www.tungwah.org.hk/,
672,INNOLUX CORPORATION,FAC - Property,TAIWAN,35,,http://www.innolux.com/Pages/EN/AboutUs/Company_Overview_EN.html,
673,YOJIN MYANMAR CEMENT CO LTD,FAC - Property,MYANMAR,14,,,
674,MSN LABORATORIES PRIVATE LIMITED,FAC - Property,INDIA,28,,http://www.msnlabs.com/,
675,BUNNY HOLDINGS (BVI) LTD,FAC - Property,SRI LANKA,70,,,
676,SHANGRI LA PLAZA CORP / EDSA PROPERTIES HOLDINGS INC,FAC - Property,PHILIPPINES,65,,http://www.shangrila-properties.com/about-the-company.html,
677,COLGATE PALMOLIVE (PAKISTAN) LTD,FAC - Property,PAKISTAN,28,,http://colgate.com.pk/app/colgate/pk/,
678,CENTURY PAPER & BOARD MILLS,FAC - Property,PAKISTAN,26,,http://centurypaper.com.pk/,
679,ASAHI GLASS CO LTD,FAC - Property,JAPAN,14,,http://www.agc.com/en/,
680,SVI PUBLIC CO LTD,FAC - Property,THAILAND,35,,http://www.svi-hq.com/,
681,PANASONIC APPLICANCES AIR COND (M),FAC - Property,MALAYSIA,36,,https://papamy.panasonic.com.my/,
682,HYOSUNG CO LTD,FAC - Property,SOUTH KOREA,NULL,,http://www.hyosung.com/en/biz/index.do,
683,SM PRIME HOLDINGS INC,FAC - Property,PHILIPPINES,70,,https://www.smprime.com/,
684,WINBOND ELECTRONICS CORP,FAC - Property,TAIWAN,35,,http://www.winbond.com/,
685,KYUNGBANG VIETNAM CO LTD,FAC - Property,VIETNAM,22,,http://www.kyungbangvn.com/,
686,SK CHEMICAL CO LTD,FAC - Property,SOUTH KOREA,28,,http://www.skchemicals.com/,
687,FLETCHER BUILDING LIMITED,FAC - Property,NEW ZEALAND,14,,http://www.fletcherbuilding.com/,
688,ILJIN GROUP,FAC - Property,SOUTH KOREA,36,,https://www.iljin.co.kr/,
689,LG INNOTEK CO LTD,FAC - Property,SOUTH KOREA,35,,http://led.lginnotek.com/,
690,LOTTE CHEMICAL CORP (FROM HONAM PETROCHEMICAL CORP 27.12.2012),FAC - Property,SOUTH KOREA,29,,https://www.lottechem.com/eng,
691,TY BACH CO LTD,FAC - Property,VIETNAM,31,,,
692,SK INNOVATION CO LTD,FAC - Property,SOUTH KOREA,29,,http://eng.skinnovation.com/,
693,LG CHEMICAL LIMITED,FAC - Property,SOUTH KOREA,29,,http://www.lgchem.com/global/main,
694,LG CHEMICAL LIMITED,FAC - Property,SOUTH KOREA,29,,http://www.lgchem.com/global/main,
695,GULF ALUMINIUM ROLLING MILL CO.,FAC - Property,0,33,,http://www.garmco.com/,
696,OCTAL PETROCHEMICALS FZC,FAC - Property,OMAN,28,,http://www.octal.com/,
697,BENQ MATERIALS CORP,FAC - Property,TAIWAN,35,,http://www.benqmaterials.com/,
698,UNISOLL VINA CO LTD,FAC - Property,VIETNAM,22,,,
699,ASAHI KASEI PLASTICS SINGAPORE PTE LTD,FAC - Property,SINGAPORE,28,,https://www.asahi-kasei.com.sg/,
700,POLYXYLENOL SINGAPORE PTE LTD,FAC - Property,SINGAPORE,28,,https://www.asahi-kasei.co.jp/,
701,KOREA ZINC CO LTD,FAC - Property,SOUTH KOREA,33,,https://www.koreazinc.co.kr/english/main/page/main.aspx,
702,LG CHEMICAL LIMITED,FAC - Property,SOUTH KOREA,28,,http://www.lgchem.com/global/main,
703,SK INNOVATION CO LTD,FAC - Property,SOUTH KOREA,36,,http://eng.skinnovation.com/,
704,PANEL PLUS CO LTD,FAC - Property,THAILAND,24,,http://www.panelplus.co.th/,
705,FAR EASTERN APPAREL (VIETNAM) LTD,FAC - Property,VIETNAM,22,,http://www.feg.com.tw/,
706,MITR PHOL BIO FUEL CO LTD,FAC - Property,THAILAND,28,,https://www.mitrphol.com/,